Date,Close,Volume,Open,High,Low
11/7/2023,$103.68 ,6239517,$104.23 ,$104.39 ,$103.33 
11/6/2023,$104.03 ,7532035,$102.87 ,$104.09 ,$101.97 
11/3/2023,$102.65 ,15995730,$100.62 ,$103.77 ,$100.50 
11/2/2023,$100.01 ,23396320,$100.99 ,$101.92 ,$99.74 
11/1/2023,$91.35 ,14292510,$91.83 ,$91.86 ,$90.55 
10/31/2023,$92.24 ,9308255,$93.17 ,$93.32 ,$92.00 
10/30/2023,$93.15 ,7852882,$93.12 ,$93.71 ,$92.72 
10/27/2023,$92.02 ,8293588,$92.64 ,$93.73 ,$91.77 
10/26/2023,$92.67 ,6201678,$93.81 ,$94.48 ,$92.60 
10/25/2023,$94.00 ,5497301,$94.32 ,$95.36 ,$93.97 
10/24/2023,$94.62 ,3600227,$94.28 ,$94.98 ,$94.06 
10/23/2023,$94.20 ,4481004,$93.93 ,$95.03 ,$93.29 
10/20/2023,$94.19 ,4698978,$94.62 ,$95.09 ,$94.14 
10/19/2023,$94.42 ,5611009,$94.37 ,$95.66 ,$94.17 
10/18/2023,$93.75 ,4110651,$93.94 ,$94.53 ,$93.50 
10/17/2023,$94.18 ,6086690,$92.75 ,$94.19 ,$92.63 
10/16/2023,$93.65 ,4595886,$92.17 ,$93.86 ,$91.85 
10/13/2023,$91.48 ,4780570,$91.28 ,$92.06 ,$91.05 
10/12/2023,$91.42 ,5485215,$91.84 ,$92.25 ,$90.77 
10/11/2023,$91.95 ,4499170,$93.29 ,$93.63 ,$91.85 
10/10/2023,$93.18 ,4974831,$92.96 ,$93.97 ,$92.87 
10/9/2023,$92.68 ,4120707,$92.45 ,$92.79 ,$91.43 
10/6/2023,$92.85 ,6979313,$92.00 ,$93.34 ,$91.68 
10/5/2023,$92.37 ,7548837,$91.14 ,$93.05 ,$91.14 
10/4/2023,$91.15 ,6166103,$89.89 ,$91.43 ,$89.81 
10/3/2023,$89.48 ,6666600,$90.50 ,$91.07 ,$89.21 
10/2/2023,$91.13 ,6430546,$91.05 ,$91.74 ,$90.79 
9/29/2023,$91.27 ,7700233,$92.61 ,$93.06 ,$90.84 
9/28/2023,$91.08 ,4736279,$91.17 ,$91.39 ,$90.21 
9/27/2023,$91.17 ,4731493,$92.46 ,$92.73 ,$90.38 
9/26/2023,$92.00 ,6086633,$92.00 ,$92.49 ,$91.18 
9/25/2023,$92.74 ,4818844,$92.89 ,$93.47 ,$92.25 
9/22/2023,$93.68 ,5119555,$93.43 ,$94.34 ,$93.37 
9/21/2023,$93.10 ,6110670,$95.16 ,$95.32 ,$93.03 
9/20/2023,$95.16 ,4576401,$95.45 ,$96.62 ,$95.05 
9/19/2023,$95.29 ,6803740,$95.21 ,$95.47 ,$94.27 
9/18/2023,$96.76 ,4477703,$96.30 ,$96.97 ,$96.09 
9/15/2023,$96.23 ,8767575,$97.25 ,$97.47 ,$96.05 
9/14/2023,$97.16 ,6039743,$96.77 ,$97.78 ,$96.25 
9/13/2023,$96.93 ,5830190,$96.20 ,$97.30 ,$96.04 
9/12/2023,$96.24 ,5007661,$95.50 ,$96.51 ,$95.20 
9/11/2023,$95.67 ,5577488,$95.65 ,$96.23 ,$95.22 
9/8/2023,$95.28 ,4755308,$95.25 ,$95.85 ,$94.75 
9/7/2023,$95.10 ,6404088,$95.49 ,$95.82 ,$95.02 
9/6/2023,$95.95 ,5428406,$96.42 ,$96.55 ,$95.37 
9/5/2023,$96.84 ,5414313,$97.52 ,$97.81 ,$96.59 
9/1/2023,$98.00 ,4747222,$98.40 ,$98.75 ,$97.04 
8/31/2023,$97.44 ,5624545,$99.00 ,$99.33 ,$97.28 
8/30/2023,$99.24 ,4212191,$99.02 ,$99.72 ,$99.00 
8/29/2023,$99.15 ,5512282,$97.36 ,$99.23 ,$97.34 
8/28/2023,$97.04 ,5098911,$95.94 ,$97.20 ,$95.83 
8/25/2023,$95.48 ,5360383,$95.54 ,$95.96 ,$94.51 
8/24/2023,$94.83 ,7824509,$94.75 ,$95.63 ,$93.71 
8/23/2023,$95.18 ,9704476,$96.42 ,$96.56 ,$94.01 
8/22/2023,$96.07 ,3640478,$96.49 ,$96.74 ,$95.60 
8/21/2023,$96.46 ,3753240,$97.32 ,$97.57 ,$96.16 
8/18/2023,$97.23 ,4125998,$96.01 ,$97.49 ,$95.79 
8/17/2023,$96.57 ,5291081,$99.00 ,$99.10 ,$96.43 
8/16/2023,$98.98 ,3679469,$99.61 ,$100.09 ,$98.89 
8/15/2023,$100.04 ,3203701,$100.13 ,$100.65 ,$99.78 
8/14/2023,$101.01 ,3239300,$100.48 ,$101.22 ,$100.20 
8/11/2023,$100.99 ,3180578,$101.40 ,$101.40 ,$100.14 
8/10/2023,$101.66 ,6844212,$100.54 ,$102.37 ,$100.40 
8/9/2023,$99.92 ,4494291,$101.00 ,$101.58 ,$99.47 
8/8/2023,$100.70 ,4058380,$101.22 ,$101.42 ,$99.89 
8/7/2023,$101.74 ,5222735,$101.42 ,$101.86 ,$100.94 
8/4/2023,$100.68 ,5199179,$102.96 ,$103.15 ,$100.52 
8/3/2023,$102.33 ,5548866,$101.97 ,$102.90 ,$101.45 
8/2/2023,$102.13 ,14465180,$100.50 ,$104.46 ,$99.29 
8/1/2023,$101.26 ,7811845,$101.47 ,$101.71 ,$100.40 
7/31/2023,$101.57 ,6386524,$101.31 ,$101.83 ,$100.86 
7/28/2023,$101.25 ,5321408,$101.50 ,$101.83 ,$100.81 
7/27/2023,$100.78 ,5373440,$102.03 ,$102.43 ,$100.54 
7/26/2023,$101.73 ,6568346,$102.21 ,$102.67 ,$101.30 
7/25/2023,$102.92 ,5627475,$102.43 ,$103.77 ,$102.33 
7/24/2023,$102.78 ,4747192,$102.88 ,$103.41 ,$102.32 
7/21/2023,$102.82 ,20370310,$101.80 ,$103.55 ,$101.61 
7/20/2023,$100.88 ,5466135,$101.78 ,$102.48 ,$100.70 
7/19/2023,$101.83 ,5556150,$100.62 ,$101.98 ,$100.62 
7/18/2023,$100.76 ,5991042,$100.74 ,$101.42 ,$99.86 
7/17/2023,$100.93 ,5246462,$100.83 ,$101.81 ,$100.04 
7/14/2023,$101.61 ,3939769,$101.77 ,$102.08 ,$100.99 
7/13/2023,$101.60 ,4511661,$101.51 ,$102.20 ,$101.30 
7/12/2023,$101.14 ,6971946,$101.42 ,$101.83 ,$100.76 
7/11/2023,$100.09 ,5271726,$99.44 ,$100.23 ,$99.14 
7/10/2023,$99.13 ,9294603,$96.30 ,$99.53 ,$96.23 
7/7/2023,$96.05 ,7889474,$95.99 ,$96.66 ,$95.55 
7/6/2023,$96.20 ,7156959,$97.86 ,$98.07 ,$95.91 
7/5/2023,$98.46 ,6366733,$99.15 ,$99.33 ,$98.29 
7/3/2023,$99.15 ,3281097,$98.73 ,$99.57 ,$98.25 
6/30/2023,$99.06 ,6229932,$99.40 ,$99.46 ,$98.54 
6/29/2023,$98.68 ,5113467,$98.61 ,$98.83 ,$97.98 
6/28/2023,$98.61 ,6581859,$98.64 ,$98.64 ,$97.30 
6/27/2023,$98.72 ,5034140,$98.39 ,$99.06 ,$97.73 
6/26/2023,$98.23 ,6069001,$98.34 ,$98.77 ,$97.48 
6/23/2023,$98.34 ,18770110,$99.65 ,$99.73 ,$97.52 
6/22/2023,$100.85 ,6126566,$101.42 ,$101.64 ,$99.64 
6/21/2023,$101.87 ,5508811,$100.60 ,$102.46 ,$100.36 
6/20/2023,$101.27 ,5507161,$101.86 ,$102.49 ,$100.90 
6/16/2023,$101.87 ,11709170,$102.01 ,$102.51 ,$101.48 
6/15/2023,$101.38 ,6448196,$101.34 ,$101.99 ,$100.66 
6/14/2023,$100.66 ,9279505,$99.56 ,$101.36 ,$99.19 
6/13/2023,$99.26 ,5137913,$98.51 ,$99.47 ,$98.51 
6/12/2023,$98.46 ,6708547,$97.96 ,$98.51 ,$97.52 
6/9/2023,$97.96 ,5552325,$98.80 ,$98.96 ,$97.64 
6/8/2023,$99.15 ,6881620,$97.65 ,$99.18 ,$96.92 
6/7/2023,$97.92 ,6285640,$98.55 ,$98.86 ,$97.59 
6/6/2023,$98.22 ,8657061,$99.74 ,$100.33 ,$97.53 
6/5/2023,$99.93 ,6536496,$100.04 ,$100.87 ,$99.50 
6/2/2023,$99.50 ,6221417,$98.31 ,$99.66 ,$98.19 
6/1/2023,$97.52 ,6752182,$97.59 ,$98.23 ,$96.52 
5/31/2023,$97.64 ,10377090,$98.03 ,$98.08 ,$96.98 
5/30/2023,$97.75 ,6505373,$98.89 ,$98.96 ,$97.31 
5/26/2023,$98.53 ,7276461,$98.63 ,$99.61 ,$98.33 
5/25/2023,$98.44 ,8177029,$98.70 ,$98.90 ,$97.73 
5/24/2023,$99.61 ,6134820,$100.80 ,$100.81 ,$99.11 
5/23/2023,$100.34 ,6766298,$102.12 ,$102.14 ,$100.08 
5/22/2023,$102.90 ,7504276,$105.52 ,$105.70 ,$102.77 
5/19/2023,$105.51 ,4985231,$107.00 ,$107.15 ,$105.32 
5/18/2023,$107.09 ,5377477,$105.42 ,$107.14 ,$105.20 
5/17/2023,$105.69 ,4757275,$105.96 ,$106.54 ,$104.95 
5/16/2023,$105.28 ,3677256,$106.41 ,$106.56 ,$105.20 
5/15/2023,$106.64 ,4217126,$106.11 ,$106.76 ,$105.61 
5/12/2023,$106.12 ,5175562,$105.76 ,$106.22 ,$104.83 
5/11/2023,$105.63 ,4791653,$106.44 ,$106.76 ,$105.12 
5/10/2023,$106.97 ,4565013,$107.16 ,$108.11 ,$105.68 
5/9/2023,$106.71 ,3682380,$106.99 ,$107.18 ,$106.40 
5/8/2023,$107.17 ,6090713,$107.47 ,$108.12 ,$106.93 
5/5/2023,$107.21 ,7813754,$105.55 ,$107.48 ,$105.38 
5/4/2023,$104.72 ,8858136,$104.27 ,$105.67 ,$103.80 
5/3/2023,$103.96 ,24388560,$109.08 ,$109.72 ,$103.80 
5/2/2023,$114.46 ,9626359,$114.49 ,$114.56 ,$112.85 
5/1/2023,$114.56 ,6495924,$114.25 ,$115.48 ,$114.25 
4/28/2023,$114.29 ,5979301,$112.42 ,$114.31 ,$112.29 
4/27/2023,$112.75 ,7618524,$111.39 ,$112.88 ,$111.18 
4/26/2023,$111.47 ,8081639,$109.01 ,$112.33 ,$109.01 
4/25/2023,$109.34 ,8747078,$108.91 ,$111.11 ,$108.83 
4/24/2023,$109.29 ,5940686,$108.19 ,$109.29 ,$108.04 
4/21/2023,$108.19 ,4522838,$107.30 ,$108.78 ,$106.66 
4/20/2023,$107.05 ,4297187,$106.19 ,$107.58 ,$106.19 
4/19/2023,$107.16 ,4617787,$107.69 ,$107.86 ,$107.08 
4/18/2023,$107.91 ,5300676,$108.87 ,$109.23 ,$107.73 
4/17/2023,$108.31 ,4780873,$107.96 ,$108.65 ,$107.56 
4/14/2023,$107.47 ,3963272,$106.91 ,$108.17 ,$106.85 
4/13/2023,$106.99 ,4367557,$106.38 ,$107.23 ,$106.25 
4/12/2023,$105.60 ,4606206,$106.24 ,$106.58 ,$105.35 
4/11/2023,$105.74 ,4010604,$105.06 ,$106.40 ,$104.92 
4/10/2023,$104.74 ,3761576,$103.55 ,$104.82 ,$103.07 
4/6/2023,$104.68 ,3155669,$104.90 ,$105.16 ,$104.02 
4/5/2023,$104.90 ,5170941,$103.98 ,$105.70 ,$103.93 
4/4/2023,$104.00 ,3854429,$104.85 ,$105.01 ,$103.35 
4/3/2023,$104.85 ,3855350,$104.06 ,$104.94 ,$103.67 
3/31/2023,$104.13 ,6900065,$101.84 ,$104.28 ,$101.84 
3/30/2023,$101.32 ,4082616,$101.44 ,$101.70 ,$100.65 
3/29/2023,$100.62 ,4946642,$99.33 ,$100.69 ,$98.74 
3/28/2023,$98.72 ,4709799,$98.14 ,$98.91 ,$98.08 
3/27/2023,$98.66 ,6022228,$98.92 ,$99.72 ,$98.58 
3/24/2023,$98.34 ,4685915,$98.22 ,$98.43 ,$97.19 
3/23/2023,$98.42 ,6879155,$99.34 ,$100.13 ,$97.52 
3/22/2023,$99.12 ,5917747,$100.69 ,$101.48 ,$99.06 
3/21/2023,$100.54 ,4743712,$100.51 ,$101.19 ,$100.14 
3/20/2023,$99.85 ,4864018,$99.10 ,$100.22 ,$98.93 
3/17/2023,$98.70 ,10189660,$99.07 ,$99.29 ,$97.84 
3/16/2023,$100.43 ,8189000,$99.14 ,$100.71 ,$99.03 
3/15/2023,$99.34 ,6603316,$98.40 ,$99.37 ,$97.28 
3/14/2023,$99.46 ,6248761,$100.11 ,$100.38 ,$98.47 
3/13/2023,$99.08 ,6408391,$98.91 ,$100.20 ,$98.37 
3/10/2023,$99.38 ,6641872,$100.62 ,$101.24 ,$99.03 
3/9/2023,$100.30 ,5732341,$102.74 ,$102.75 ,$99.96 
3/8/2023,$102.50 ,4225498,$102.90 ,$103.02 ,$101.73 
3/7/2023,$103.34 ,3976538,$104.99 ,$105.68 ,$103.12 
3/6/2023,$104.99 ,5237053,$104.45 ,$105.94 ,$104.44 
3/3/2023,$104.55 ,4882121,$103.40 ,$104.69 ,$103.01 
3/2/2023,$103.01 ,4778279,$101.28 ,$103.17 ,$100.94 
3/1/2023,$101.43 ,5382158,$102.19 ,$102.33 ,$100.91 
2/28/2023,$102.09 ,5186525,$101.99 ,$102.95 ,$101.90 
2/27/2023,$102.44 ,5235072,$102.33 ,$103.30 ,$102.15 
2/24/2023,$101.60 ,6019678,$102.65 ,$102.72 ,$100.82 
2/23/2023,$103.51 ,6857851,$105.51 ,$105.51 ,$102.63 
2/22/2023,$104.77 ,7523721,$105.41 ,$105.94 ,$104.39 
2/21/2023,$104.78 ,5438014,$105.50 ,$105.95 ,$104.71 
2/17/2023,$107.10 ,6876408,$106.74 ,$107.46 ,$106.23 
2/16/2023,$107.54 ,4596815,$107.76 ,$109.10 ,$107.41 
2/15/2023,$109.00 ,4060391,$107.50 ,$109.00 ,$107.26 
2/14/2023,$107.98 ,5109387,$107.93 ,$108.47 ,$106.70 
2/13/2023,$108.52 ,5192356,$107.45 ,$108.93 ,$107.28 
2/10/2023,$107.09 ,6298642,$105.52 ,$107.26 ,$105.47 
2/9/2023,$106.05 ,5608369,$105.73 ,$106.61 ,$105.60 
2/8/2023,$106.30 ,5557497,$106.32 ,$106.54 ,$105.65 
2/7/2023,$106.83 ,6207549,$104.83 ,$107.38 ,$104.56 
2/6/2023,$105.02 ,6392177,$104.00 ,$106.17 ,$103.30 
2/3/2023,$104.30 ,15200530,$104.58 ,$106.44 ,$103.04 
2/2/2023,$109.15 ,9852853,$110.04 ,$110.83 ,$108.00 
2/1/2023,$109.99 ,5841244,$108.97 ,$110.78 ,$107.98 
1/31/2023,$109.14 ,5816303,$108.26 ,$109.15 ,$107.50 
1/30/2023,$108.40 ,6880673,$108.26 ,$108.87 ,$107.42 
1/27/2023,$109.02 ,6851116,$108.74 ,$109.76 ,$108.34 
1/26/2023,$108.76 ,6324079,$107.30 ,$108.80 ,$107.06 
1/25/2023,$106.98 ,5416908,$106.06 ,$107.14 ,$105.90 
1/24/2023,$106.64 ,5517208,$106.40 ,$106.87 ,$105.41 
1/23/2023,$106.21 ,6320513,$105.04 ,$106.89 ,$104.40 
1/20/2023,$105.04 ,6543494,$104.40 ,$105.20 ,$103.89 
1/19/2023,$104.26 ,5115840,$105.00 ,$105.70 ,$104.24 
1/18/2023,$105.00 ,5725782,$107.14 ,$107.47 ,$104.91 
1/17/2023,$106.75 ,7477238,$106.95 ,$107.60 ,$106.31 
1/13/2023,$107.23 ,5529705,$105.07 ,$107.30 ,$105.07 
1/12/2023,$105.85 ,4881965,$106.29 ,$106.44 ,$105.17 
1/11/2023,$106.30 ,5634376,$105.81 ,$106.44 ,$104.86 
1/10/2023,$106.00 ,4183627,$104.36 ,$106.43 ,$104.17 
1/9/2023,$104.74 ,10124760,$106.52 ,$106.68 ,$104.43 
1/6/2023,$106.69 ,9644109,$105.38 ,$107.00 ,$105.01 
1/5/2023,$104.43 ,5575086,$104.49 ,$105.10 ,$103.49 
1/4/2023,$104.46 ,8166646,$102.69 ,$104.73 ,$102.55 
1/3/2023,$100.83 ,6607675,$100.56 ,$101.17 ,$99.47 
12/30/2022,$99.20 ,3988869,$99.19 ,$99.25 ,$98.24 
12/29/2022,$99.77 ,3976076,$99.00 ,$100.65 ,$98.67 
12/28/2022,$98.60 ,3491489,$99.41 ,$99.91 ,$98.39 
12/27/2022,$99.20 ,4402463,$98.57 ,$99.46 ,$98.21 
12/23/2022,$98.27 ,3944525,$97.59 ,$98.30 ,$96.88 
12/22/2022,$97.76 ,4757114,$98.45 ,$98.56 ,$96.17 
12/21/2022,$98.67 ,5566294,$96.72 ,$99.07 ,$96.35 
12/20/2022,$98.00 ,4533502,$98.19 ,$98.58 ,$97.27 
12/19/2022,$98.30 ,5771050,$98.43 ,$98.81 ,$97.73 
12/16/2022,$98.83 ,13862250,$99.28 ,$99.54 ,$98.02 
12/15/2022,$99.99 ,7246497,$101.21 ,$101.55 ,$99.45 
12/14/2022,$102.19 ,5624019,$102.32 ,$103.30 ,$100.70 
12/13/2022,$102.11 ,7065953,$104.82 ,$105.20 ,$100.99 
12/12/2022,$102.70 ,5795969,$101.13 ,$102.85 ,$100.82 
12/9/2022,$101.79 ,7999590,$103.43 ,$103.50 ,$101.75 
12/8/2022,$103.74 ,5465134,$102.74 ,$103.91 ,$102.40 
12/7/2022,$101.87 ,4194311,$101.29 ,$102.97 ,$101.06 
12/6/2022,$102.08 ,8382988,$103.82 ,$104.19 ,$101.44 
12/5/2022,$103.55 ,9285799,$103.39 ,$104.24 ,$103.00 
12/2/2022,$105.05 ,7916878,$102.02 ,$105.54 ,$101.82 
12/1/2022,$103.37 ,7452313,$102.33 ,$103.56 ,$101.95 
11/30/2022,$102.20 ,15000770,$99.05 ,$102.56 ,$98.52 
11/29/2022,$98.66 ,4423921,$98.96 ,$99.33 ,$98.20 
11/28/2022,$98.66 ,5257862,$98.99 ,$100.16 ,$98.56 
11/25/2022,$99.56 ,2320020,$99.64 ,$99.88 ,$98.52 
11/23/2022,$99.52 ,5944870,$98.49 ,$100.08 ,$98.27 
11/22/2022,$98.43 ,5399030,$98.50 ,$98.73 ,$97.52 
11/21/2022,$98.32 ,4499170,$96.99 ,$98.49 ,$96.70 
11/18/2022,$97.95 ,5964815,$97.75 ,$98.35 ,$97.13 
11/17/2022,$96.97 ,5249906,$95.21 ,$97.01 ,$95.10 
11/16/2022,$97.07 ,5348881,$96.52 ,$97.96 ,$96.26 
11/15/2022,$97.83 ,6409950,$98.91 ,$99.53 ,$97.29 
11/14/2022,$97.42 ,8521098,$97.13 ,$98.56 ,$96.69 
11/11/2022,$97.38 ,8294396,$96.76 ,$98.67 ,$96.57 
11/10/2022,$96.26 ,10408390,$93.89 ,$96.42 ,$93.33 
11/9/2022,$91.63 ,6271203,$91.61 ,$92.60 ,$91.34 
11/8/2022,$92.75 ,9675544,$90.92 ,$93.78 ,$90.92 
11/7/2022,$90.45 ,10190200,$91.67 ,$92.36 ,$89.28 
11/4/2022,$91.86 ,20194310,$91.98 ,$93.60 ,$90.52 
11/3/2022,$84.68 ,8855106,$84.07 ,$85.47 ,$82.97 
11/2/2022,$84.58 ,7661699,$87.27 ,$88.58 ,$84.53 
11/1/2022,$87.10 ,6219632,$88.06 ,$88.88 ,$86.58 
10/31/2022,$86.59 ,7401123,$86.60 ,$87.57 ,$85.95 
10/28/2022,$87.10 ,8284918,$85.17 ,$87.79 ,$84.31 
10/27/2022,$85.28 ,9524568,$86.13 ,$86.40 ,$84.08 
10/26/2022,$85.89 ,9990898,$85.61 ,$88.23 ,$85.48 
10/25/2022,$85.21 ,10674030,$84.10 ,$86.00 ,$84.10 
10/24/2022,$83.76 ,16499330,$86.90 ,$87.51 ,$82.43 
10/21/2022,$88.61 ,9088750,$87.00 ,$88.97 ,$86.56 
10/20/2022,$86.79 ,4540684,$87.33 ,$88.23 ,$86.47 
10/19/2022,$87.52 ,6473381,$88.39 ,$89.13 ,$87.01 
10/18/2022,$88.96 ,5484433,$90.11 ,$90.47 ,$88.08 
10/17/2022,$88.90 ,6255283,$87.90 ,$89.22 ,$87.81 
10/14/2022,$86.37 ,6316222,$90.01 ,$90.70 ,$86.24 
10/13/2022,$89.37 ,7616558,$85.09 ,$89.97 ,$84.71 
10/12/2022,$86.87 ,5261904,$87.00 ,$88.06 ,$86.41 
10/11/2022,$86.21 ,5531265,$86.71 ,$87.20 ,$85.64 
10/10/2022,$87.06 ,5092424,$87.01 ,$87.57 ,$86.13 
10/7/2022,$87.03 ,6606378,$88.54 ,$88.90 ,$86.30 
10/6/2022,$89.35 ,6893765,$90.19 ,$90.90 ,$89.26 
10/5/2022,$90.12 ,7980791,$87.73 ,$90.64 ,$87.55 
10/4/2022,$88.51 ,5982360,$87.09 ,$88.95 ,$86.86 
10/3/2022,$85.62 ,6739878,$84.75 ,$86.22 ,$83.80 
9/30/2022,$84.26 ,7737511,$86.57 ,$86.70 ,$84.15 
9/29/2022,$86.57 ,6881455,$86.81 ,$87.34 ,$85.61 
9/28/2022,$87.11 ,7850820,$84.68 ,$87.48 ,$84.25 
9/27/2022,$84.28 ,8628753,$85.97 ,$86.50 ,$83.17 
9/26/2022,$84.81 ,7583548,$84.31 ,$86.03 ,$84.28 
9/23/2022,$84.17 ,7153192,$83.90 ,$84.44 ,$83.23 
9/22/2022,$84.70 ,9953048,$88.00 ,$88.02 ,$84.38 
9/21/2022,$88.60 ,8806754,$91.29 ,$91.52 ,$88.57 
9/20/2022,$90.79 ,6560039,$91.66 ,$92.02 ,$90.10 
9/19/2022,$92.14 ,6286956,$90.89 ,$92.55 ,$90.83 
9/16/2022,$91.31 ,11987640,$91.15 ,$92.10 ,$90.65 
9/15/2022,$92.22 ,11052400,$92.09 ,$93.15 ,$91.73 
9/14/2022,$92.70 ,24320600,$89.57 ,$93.48 ,$89.51 
9/13/2022,$87.84 ,16033630,$86.72 ,$89.30 ,$86.07 
9/12/2022,$89.07 ,9078938,$89.77 ,$90.38 ,$88.54 
9/9/2022,$88.69 ,7096165,$89.50 ,$89.95 ,$88.64 
9/8/2022,$89.46 ,7721071,$87.30 ,$89.48 ,$87.16 
9/7/2022,$88.31 ,9946770,$85.11 ,$88.62 ,$84.92 
9/6/2022,$84.52 ,11062810,$83.07 ,$84.62 ,$81.67 
9/2/2022,$82.94 ,10336790,$85.47 ,$85.77 ,$82.55 
9/1/2022,$85.40 ,7556805,$83.70 ,$85.47 ,$82.93 
8/31/2022,$84.07 ,6570110,$83.87 ,$84.76 ,$83.65 
8/30/2022,$83.41 ,6812530,$84.18 ,$85.02 ,$82.69 
8/29/2022,$84.12 ,5035514,$83.20 ,$84.66 ,$83.04 
8/26/2022,$84.06 ,6674910,$87.51 ,$87.99 ,$83.96 
8/25/2022,$87.39 ,4236346,$86.35 ,$87.63 ,$86.30 
8/24/2022,$86.05 ,4385983,$84.76 ,$86.48 ,$84.48 
8/23/2022,$84.69 ,4560350,$84.85 ,$85.61 ,$84.58 
8/22/2022,$84.95 ,5915201,$85.38 ,$85.55 ,$84.34 
8/19/2022,$86.92 ,4597726,$87.77 ,$87.97 ,$86.55 
8/18/2022,$88.55 ,3428312,$88.03 ,$88.78 ,$87.68 
8/17/2022,$88.35 ,3831252,$88.40 ,$89.00 ,$87.86 
8/16/2022,$89.40 ,4580845,$88.78 ,$89.93 ,$88.54 
8/15/2022,$89.16 ,5600991,$88.11 ,$89.25 ,$88.01 
8/12/2022,$88.31 ,5153974,$87.31 ,$88.40 ,$87.19 
8/11/2022,$87.27 ,5595696,$86.94 ,$87.55 ,$86.50 
8/10/2022,$86.49 ,5072324,$86.50 ,$86.90 ,$86.09 
8/9/2022,$84.84 ,3498395,$85.74 ,$85.83 ,$84.46 
8/8/2022,$85.72 ,4885102,$86.15 ,$86.86 ,$85.42 
8/5/2022,$85.73 ,4835081,$85.76 ,$86.15 ,$84.92 
8/4/2022,$86.88 ,7086693,$87.21 ,$88.28 ,$86.57 
8/3/2022,$87.27 ,12915670,$86.01 ,$87.97 ,$83.91 
8/2/2022,$83.71 ,7254737,$84.70 ,$85.14 ,$83.62 
8/1/2022,$84.91 ,7313697,$84.19 ,$85.59 ,$84.03 
7/29/2022,$84.78 ,5802700,$84.60 ,$84.98 ,$83.93 
7/28/2022,$84.67 ,5594602,$83.19 ,$84.89 ,$82.82 
7/27/2022,$82.96 ,6372575,$81.23 ,$83.41 ,$81.12 
7/26/2022,$80.31 ,6587009,$81.22 ,$81.42 ,$80.00 
7/25/2022,$81.50 ,5861107,$83.59 ,$83.70 ,$81.04 
7/22/2022,$83.59 ,6283617,$84.16 ,$84.43 ,$82.84 
7/21/2022,$83.54 ,7695295,$82.95 ,$83.61 ,$82.65 
7/20/2022,$83.27 ,6850639,$82.48 ,$83.47 ,$81.89 
7/19/2022,$82.55 ,5949201,$81.11 ,$82.67 ,$80.91 
7/18/2022,$80.23 ,6768756,$80.03 ,$81.67 ,$80.00 
7/15/2022,$79.62 ,5584130,$78.62 ,$80.21 ,$78.62 
7/14/2022,$78.20 ,4504473,$77.09 ,$78.37 ,$76.81 
7/13/2022,$77.92 ,3897457,$75.99 ,$78.54 ,$75.73 
7/12/2022,$77.76 ,5393394,$78.36 ,$79.44 ,$77.38 
7/11/2022,$77.90 ,5351589,$78.85 ,$79.05 ,$77.43 
7/8/2022,$79.28 ,3927101,$78.69 ,$79.63 ,$78.27 
7/7/2022,$79.24 ,5395567,$78.81 ,$79.65 ,$78.37 
7/6/2022,$78.86 ,4652815,$79.83 ,$80.48 ,$78.18 
7/5/2022,$79.52 ,8089606,$78.02 ,$79.55 ,$77.36 
7/1/2022,$79.26 ,7539232,$76.73 ,$79.47 ,$76.54 
6/30/2022,$76.39 ,6781083,$76.01 ,$76.88 ,$74.87 
6/29/2022,$76.43 ,8983863,$76.21 ,$77.15 ,$75.64 
6/28/2022,$76.34 ,7210682,$78.39 ,$79.89 ,$76.19 
6/27/2022,$77.68 ,6672167,$78.00 ,$78.44 ,$77.27 
6/24/2022,$78.11 ,18011960,$75.66 ,$78.15 ,$75.55 
6/23/2022,$75.20 ,6586431,$73.86 ,$75.36 ,$73.51 
6/22/2022,$73.30 ,6703754,$72.37 ,$73.82 ,$72.22 
6/21/2022,$72.96 ,7872541,$73.06 ,$73.17 ,$72.03 
6/17/2022,$71.87 ,9824325,$71.08 ,$72.44 ,$70.77 
6/16/2022,$70.95 ,10147030,$72.43 ,$72.61 ,$70.35 
6/15/2022,$74.19 ,7682259,$73.25 ,$75.27 ,$73.11 
6/14/2022,$72.31 ,7635554,$72.85 ,$73.84 ,$71.53 
6/13/2022,$72.36 ,9282753,$73.09 ,$74.01 ,$71.91 
6/10/2022,$75.67 ,8695476,$77.02 ,$77.79 ,$75.66 
6/9/2022,$78.91 ,13248100,$77.97 ,$80.27 ,$77.73 
6/8/2022,$78.47 ,5178253,$78.90 ,$79.77 ,$78.26 
6/7/2022,$79.47 ,5517101,$78.57 ,$79.75 ,$78.26 
6/6/2022,$78.98 ,7239429,$79.70 ,$81.30 ,$78.53 
6/3/2022,$79.05 ,10415720,$79.00 ,$79.90 ,$78.32 
6/2/2022,$79.42 ,10241470,$76.54 ,$79.50 ,$75.85 
6/1/2022,$76.28 ,7578950,$78.75 ,$78.88 ,$76.05 
5/31/2022,$78.50 ,23361760,$76.97 ,$79.66 ,$76.55 
5/27/2022,$76.71 ,8498381,$75.23 ,$76.72 ,$75.15 
5/26/2022,$74.49 ,8940945,$72.95 ,$74.77 ,$72.87 
5/25/2022,$72.48 ,8344364,$72.72 ,$73.50 ,$71.93 
5/24/2022,$72.72 ,9227687,$72.97 ,$73.34 ,$71.27 
5/23/2022,$73.42 ,10741900,$73.73 ,$74.27 ,$72.57 
5/20/2022,$73.39 ,15941810,$72.88 ,$73.43 ,$71.46 
5/19/2022,$71.93 ,11193710,$71.10 ,$72.42 ,$70.33 
5/18/2022,$71.28 ,10576490,$73.15 ,$73.54 ,$70.78 
5/17/2022,$73.72 ,12454510,$74.01 ,$74.35 ,$72.84 
5/16/2022,$72.42 ,11435310,$74.95 ,$75.44 ,$72.31 
5/13/2022,$75.60 ,18156290,$71.88 ,$75.73 ,$71.88 
5/12/2022,$69.90 ,15460620,$69.15 ,$70.03 ,$68.39 
5/11/2022,$70.06 ,12118140,$71.55 ,$71.95 ,$69.96 
5/10/2022,$71.86 ,14085860,$74.85 ,$75.05 ,$71.61 
5/9/2022,$73.49 ,12863610,$75.24 ,$76.55 ,$73.33 
5/6/2022,$76.52 ,11165780,$77.03 ,$77.20 ,$75.21 
5/5/2022,$77.48 ,19114660,$80.43 ,$81.22 ,$77.13 
5/4/2022,$81.64 ,30199660,$79.31 ,$82.87 ,$77.92 
5/3/2022,$74.33 ,15570150,$75.72 ,$75.79 ,$73.38 
5/2/2022,$75.37 ,12378950,$75.25 ,$75.72 ,$73.47 
4/29/2022,$74.64 ,9199279,$76.02 ,$76.77 ,$74.48 
4/28/2022,$76.58 ,8818511,$75.62 ,$77.10 ,$74.86 
4/27/2022,$74.74 ,8467337,$75.38 ,$76.43 ,$74.68 
4/26/2022,$75.63 ,8800454,$77.49 ,$77.58 ,$75.63 
4/25/2022,$77.98 ,10258950,$77.38 ,$78.08 ,$76.73 
4/22/2022,$77.92 ,10315530,$78.89 ,$79.48 ,$77.78 
4/21/2022,$78.96 ,8152543,$81.05 ,$81.19 ,$78.73 
4/20/2022,$80.17 ,8368788,$81.31 ,$81.52 ,$80.00 
4/19/2022,$81.22 ,8622146,$79.62 ,$81.54 ,$79.41 
4/18/2022,$79.60 ,7797252,$79.04 ,$79.97 ,$78.88 
4/14/2022,$79.50 ,9567236,$80.75 ,$81.08 ,$79.25 
4/13/2022,$80.92 ,8604425,$79.88 ,$81.31 ,$79.61 
4/12/2022,$79.79 ,8472525,$80.83 ,$81.27 ,$79.65 
4/11/2022,$80.68 ,8623160,$80.88 ,$81.74 ,$80.29 
4/8/2022,$81.52 ,9286775,$83.19 ,$83.19 ,$81.34 
4/7/2022,$83.12 ,10869150,$82.99 ,$83.50 ,$81.45 
4/6/2022,$83.36 ,10567050,$83.65 ,$83.89 ,$82.07 
4/5/2022,$84.12 ,17525790,$86.56 ,$86.62 ,$83.82 
4/4/2022,$88.09 ,16250600,$87.89 ,$88.46 ,$86.18 
4/1/2022,$91.49 ,6516305,$91.50 ,$91.89 ,$90.48 
3/31/2022,$90.97 ,11306060,$91.32 ,$92.63 ,$90.97 
3/30/2022,$91.03 ,8122096,$90.75 ,$91.54 ,$90.40 
3/29/2022,$91.23 ,8963202,$89.70 ,$91.90 ,$89.66 
3/28/2022,$88.38 ,5980992,$87.48 ,$88.42 ,$86.75 
3/25/2022,$87.45 ,7049288,$87.39 ,$87.67 ,$86.22 
3/24/2022,$87.12 ,6163402,$86.83 ,$87.15 ,$85.56 
3/23/2022,$86.22 ,7670502,$87.36 ,$87.71 ,$86.10 
3/22/2022,$87.89 ,8447376,$87.40 ,$89.10 ,$87.15 
3/21/2022,$86.86 ,11925330,$89.61 ,$89.72 ,$85.97 
3/18/2022,$89.60 ,23784200,$86.12 ,$89.75 ,$84.98 
3/17/2022,$87.66 ,8554159,$87.46 ,$87.95 ,$86.01 
3/16/2022,$87.41 ,21207900,$88.01 ,$90.09 ,$85.62 
3/15/2022,$83.12 ,12542260,$80.50 ,$83.44 ,$80.28 
3/14/2022,$79.29 ,18199280,$82.32 ,$82.34 ,$78.92 
3/11/2022,$82.73 ,15351740,$88.35 ,$88.81 ,$82.54 
3/10/2022,$87.16 ,9114348,$86.09 ,$87.36 ,$85.60 
3/9/2022,$87.60 ,8811617,$86.50 ,$88.13 ,$86.33 
3/8/2022,$84.00 ,10692040,$84.76 ,$86.92 ,$83.76 
3/7/2022,$84.46 ,14608730,$90.04 ,$90.05 ,$84.35 
3/4/2022,$90.03 ,7180081,$90.97 ,$91.16 ,$89.45 
3/3/2022,$91.53 ,6587438,$93.48 ,$93.50 ,$91.08 
3/2/2022,$92.77 ,10721120,$90.77 ,$93.28 ,$90.59 
3/1/2022,$90.14 ,7100736,$91.49 ,$91.51 ,$89.65 
2/28/2022,$91.79 ,8591544,$91.29 ,$92.31 ,$90.62 
2/25/2022,$92.58 ,7039415,$91.30 ,$92.79 ,$90.28 
2/24/2022,$91.01 ,9260494,$87.50 ,$91.20 ,$87.25 
2/23/2022,$89.65 ,9674758,$93.88 ,$93.88 ,$89.44 
2/22/2022,$93.11 ,8622481,$93.60 ,$94.04 ,$92.36 
2/18/2022,$93.34 ,6210647,$92.56 ,$94.05 ,$92.53 
2/17/2022,$93.05 ,6578223,$94.42 ,$94.63 ,$92.78 
2/16/2022,$95.18 ,6545767,$94.34 ,$95.55 ,$93.16 
2/15/2022,$94.51 ,7723938,$95.15 ,$95.46 ,$94.36 
2/14/2022,$93.65 ,7948549,$93.75 ,$94.49 ,$92.42 
2/11/2022,$93.73 ,6924787,$95.59 ,$96.49 ,$93.36 
2/10/2022,$95.31 ,9098759,$95.46 ,$96.81 ,$94.98 
2/9/2022,$97.13 ,9353726,$96.25 ,$97.97 ,$96.20 
2/8/2022,$94.92 ,7161007,$95.29 ,$96.03 ,$94.35 
2/7/2022,$95.19 ,6849047,$95.35 ,$96.11 ,$94.88 
2/4/2022,$95.00 ,8267571,$95.41 ,$95.94 ,$93.83 
2/3/2022,$95.94 ,8901064,$96.84 ,$97.47 ,$95.67 
2/2/2022,$97.73 ,15578780,$95.80 ,$99.15 ,$94.74 
2/1/2022,$98.76 ,11601890,$98.42 ,$99.03 ,$96.80 
1/31/2022,$98.32 ,8807735,$97.03 ,$98.40 ,$96.42 
1/28/2022,$97.21 ,8345419,$95.06 ,$97.22 ,$93.79 
1/27/2022,$95.32 ,7328860,$96.62 ,$97.17 ,$95.06 
1/26/2022,$95.58 ,11863050,$97.70 ,$98.64 ,$94.90 
1/25/2022,$97.01 ,12368540,$96.67 ,$98.09 ,$95.13 
1/24/2022,$98.10 ,17205270,$94.75 ,$98.35 ,$94.41 
1/21/2022,$96.31 ,13438310,$95.90 ,$98.41 ,$95.47 
1/20/2022,$95.72 ,20311510,$97.49 ,$98.94 ,$95.59 
1/19/2022,$96.87 ,10856820,$97.94 ,$98.39 ,$96.78 
1/18/2022,$97.73 ,11402290,$99.17 ,$99.36 ,$97.51 
1/14/2022,$100.12 ,13703170,$101.91 ,$101.91 ,$99.09 
1/13/2022,$102.40 ,9818487,$104.15 ,$104.67 ,$102.09 
1/12/2022,$103.87 ,11810460,$104.44 ,$105.32 ,$103.68 
1/11/2022,$104.04 ,13073180,$106.04 ,$106.17 ,$103.71 
1/10/2022,$106.03 ,8499389,$106.62 ,$107.01 ,$104.42 
1/7/2022,$107.57 ,11266440,$108.22 ,$109.71 ,$107.48 
1/6/2022,$111.14 ,6099910,$110.00 ,$111.88 ,$109.99 
1/5/2022,$110.44 ,8662327,$114.40 ,$114.96 ,$110.40 
1/4/2022,$114.24 ,8367607,$116.90 ,$117.05 ,$114.17 
1/3/2022,$116.68 ,5478426,$116.47 ,$117.80 ,$114.78 
12/31/2021,$116.97 ,3674938,$115.67 ,$117.48 ,$115.60 
12/30/2021,$116.24 ,4068918,$116.38 ,$117.34 ,$116.08 
12/29/2021,$116.38 ,4215460,$115.40 ,$116.96 ,$115.31 
12/28/2021,$115.57 ,4562965,$114.00 ,$116.28 ,$113.81 
12/27/2021,$114.22 ,3717026,$112.60 ,$114.37 ,$112.39 
12/23/2021,$112.37 ,3359803,$112.23 ,$112.91 ,$111.99 
12/22/2021,$111.74 ,3643281,$110.20 ,$111.78 ,$110.00 
12/21/2021,$110.37 ,4682227,$109.00 ,$110.90 ,$108.87 
12/20/2021,$108.09 ,6313699,$107.07 ,$108.12 ,$106.61 
12/17/2021,$108.63 ,13720730,$111.27 ,$111.80 ,$108.22 
12/16/2021,$113.59 ,7544369,$115.00 ,$115.40 ,$113.22 
12/15/2021,$114.68 ,6902396,$114.81 ,$115.20 ,$112.76 
12/14/2021,$114.71 ,6854618,$114.57 ,$115.30 ,$114.03 
12/13/2021,$115.56 ,6479398,$116.16 ,$116.83 ,$115.22 
12/10/2021,$116.73 ,6110960,$115.82 ,$117.09 ,$115.78 
12/9/2021,$115.35 ,5664678,$115.80 ,$116.41 ,$115.24 
12/8/2021,$116.25 ,5806963,$115.78 ,$116.65 ,$115.15 
12/7/2021,$116.26 ,8786898,$115.06 ,$117.19 ,$114.79 
12/6/2021,$113.36 ,8280227,$112.01 ,$114.17 ,$111.71 
12/3/2021,$111.24 ,7014076,$111.85 ,$112.85 ,$110.08 
12/2/2021,$111.42 ,7709360,$109.17 ,$112.08 ,$109.17 
12/1/2021,$108.66 ,7621590,$110.96 ,$113.35 ,$108.55 
11/30/2021,$109.64 ,9483253,$109.55 ,$111.09 ,$109.05 
11/29/2021,$110.73 ,7114069,$111.36 ,$111.69 ,$109.62 
11/26/2021,$110.66 ,6703214,$110.01 ,$110.83 ,$109.25 
11/24/2021,$113.97 ,4464304,$113.41 ,$114.26 ,$113.08 
11/23/2021,$113.58 ,7911991,$112.00 ,$114.11 ,$111.78 
11/22/2021,$111.45 ,5969252,$111.11 ,$112.59 ,$110.67 
11/19/2021,$110.78 ,6922803,$112.73 ,$112.90 ,$109.77 
11/18/2021,$112.90 ,5641290,$112.12 ,$113.23 ,$111.34 
11/17/2021,$112.52 ,5768639,$112.22 ,$113.11 ,$111.66 
11/16/2021,$112.23 ,7964980,$112.28 ,$113.11 ,$111.51 
11/15/2021,$111.87 ,6566119,$112.12 ,$113.65 ,$111.58 
11/12/2021,$111.72 ,7350369,$111.74 ,$112.24 ,$111.09 
11/11/2021,$111.44 ,7191873,$113.25 ,$113.25 ,$110.54 
11/10/2021,$113.25 ,6563699,$112.91 ,$114.46 ,$112.60 
11/9/2021,$114.13 ,6754723,$114.65 ,$115.60 ,$113.37 
11/8/2021,$115.16 ,8753315,$116.52 ,$117.47 ,$114.57 
11/5/2021,$116.91 ,10256800,$113.24 ,$117.33 ,$113.14 
11/4/2021,$112.16 ,8212593,$111.60 ,$112.42 ,$110.93 
11/3/2021,$112.61 ,6422577,$111.33 ,$112.92 ,$110.11 
11/2/2021,$111.45 ,11538860,$110.25 ,$111.82 ,$109.79 
11/1/2021,$109.80 ,14184630,$107.23 ,$110.15 ,$107.20 
10/29/2021,$106.07 ,27419550,$107.50 ,$107.99 ,$104.02 
10/28/2021,$113.20 ,7697552,$113.74 ,$114.60 ,$112.46 
10/27/2021,$113.51 ,5853912,$115.57 ,$115.57 ,$113.08 
10/26/2021,$114.92 ,5947994,$114.92 ,$115.28 ,$114.25 
10/25/2021,$114.71 ,4290626,$114.74 ,$114.88 ,$113.36 
10/22/2021,$114.55 ,3396356,$114.41 ,$114.98 ,$114.07 
10/21/2021,$114.44 ,3684290,$113.93 ,$114.56 ,$113.61 
10/20/2021,$113.86 ,7645178,$113.06 ,$115.11 ,$112.71 
10/19/2021,$113.49 ,5799287,$113.74 ,$114.54 ,$112.76 
10/18/2021,$113.37 ,4958432,$111.44 ,$113.57 ,$110.96 
10/15/2021,$111.45 ,5860872,$112.45 ,$112.92 ,$110.95 
10/14/2021,$111.87 ,5196329,$111.08 ,$112.61 ,$111.01 
10/13/2021,$110.76 ,4808625,$111.39 ,$111.48 ,$109.41 
10/12/2021,$111.00 ,3866802,$111.72 ,$111.87 ,$110.66 
10/11/2021,$110.94 ,5987335,$112.89 ,$113.56 ,$110.92 
10/8/2021,$111.22 ,3786964,$112.58 ,$112.66 ,$111.13 
10/7/2021,$112.21 ,5549460,$112.38 ,$112.98 ,$112.05 
10/6/2021,$111.64 ,5734477,$110.18 ,$112.02 ,$109.48 
10/5/2021,$110.85 ,5883995,$111.13 ,$111.48 ,$110.03 
10/4/2021,$111.46 ,4497726,$112.43 ,$113.08 ,$111.02 
10/1/2021,$112.92 ,5636865,$110.89 ,$113.46 ,$110.54 
9/30/2021,$110.31 ,5976056,$111.52 ,$112.16 ,$110.31 
9/29/2021,$112.17 ,4389131,$111.90 ,$112.52 ,$111.57 
9/28/2021,$111.71 ,5917926,$112.68 ,$113.00 ,$111.08 
9/27/2021,$113.68 ,3988883,$113.61 ,$114.67 ,$112.91 
9/24/2021,$114.11 ,3955231,$114.13 ,$114.86 ,$113.76 
9/23/2021,$114.14 ,3841978,$113.39 ,$114.71 ,$113.10 
9/22/2021,$113.07 ,4578157,$113.06 ,$114.03 ,$112.32 
9/21/2021,$112.22 ,5468438,$111.92 ,$113.60 ,$111.75 
9/20/2021,$111.82 ,7795222,$111.35 ,$112.27 ,$110.38 
9/17/2021,$113.41 ,9261033,$114.54 ,$114.85 ,$113.12 
9/16/2021,$114.67 ,7996996,$114.79 ,$115.27 ,$113.19 
9/15/2021,$114.64 ,11556160,$116.96 ,$117.02 ,$113.12 
9/14/2021,$118.86 ,4722752,$119.72 ,$119.86 ,$118.36 
9/13/2021,$119.18 ,4381067,$119.89 ,$120.15 ,$118.56 
9/10/2021,$119.34 ,6517864,$119.35 ,$120.76 ,$118.89 
9/9/2021,$118.79 ,4711219,$117.98 ,$120.07 ,$117.80 
9/8/2021,$118.04 ,5548351,$116.10 ,$118.19 ,$115.51 
9/7/2021,$115.79 ,4265770,$117.09 ,$117.13 ,$115.47 
9/3/2021,$117.19 ,2922141,$116.84 ,$117.58 ,$116.34 
9/2/2021,$117.37 ,3802306,$118.29 ,$118.36 ,$116.90 
9/1/2021,$117.45 ,4402679,$118.01 ,$118.33 ,$117.28 
8/31/2021,$117.49 ,6995511,$115.77 ,$117.60 ,$115.65 
8/30/2021,$115.61 ,3078210,$115.61 ,$115.82 ,$114.63 
8/27/2021,$115.12 ,4204688,$114.61 ,$115.39 ,$114.18 
8/26/2021,$114.32 ,5188196,$115.62 ,$115.77 ,$113.86 
8/25/2021,$115.57 ,3881496,$115.59 ,$115.99 ,$115.00 
8/24/2021,$115.08 ,3447343,$115.39 ,$115.85 ,$114.94 
8/23/2021,$115.15 ,4235113,$114.71 ,$115.46 ,$114.71 
8/20/2021,$114.63 ,3486323,$113.98 ,$115.00 ,$113.66 
8/19/2021,$114.32 ,5317417,$114.51 ,$115.07 ,$113.61 
8/18/2021,$115.68 ,4520484,$116.28 ,$116.74 ,$115.60 
8/17/2021,$116.57 ,4719788,$116.62 ,$116.94 ,$115.56 
8/16/2021,$117.54 ,5976599,$116.69 ,$117.73 ,$116.41 
8/13/2021,$116.76 ,4361653,$115.94 ,$116.83 ,$115.40 
8/12/2021,$115.75 ,4358487,$116.41 ,$116.78 ,$115.51 
8/11/2021,$116.50 ,6472318,$116.34 ,$117.29 ,$115.90 
8/10/2021,$116.39 ,9839675,$118.39 ,$118.50 ,$115.98 
8/9/2021,$117.94 ,4557888,$118.99 ,$119.02 ,$117.75 
8/6/2021,$119.05 ,6832572,$119.14 ,$119.21 ,$118.08 
8/5/2021,$119.03 ,4281905,$118.72 ,$119.09 ,$118.11 
8/4/2021,$118.25 ,6675845,$119.13 ,$119.21 ,$117.57 
8/3/2021,$119.13 ,6030518,$120.57 ,$120.75 ,$117.52 
8/2/2021,$120.37 ,5996786,$122.03 ,$122.98 ,$120.07 
7/30/2021,$121.43 ,5712315,$122.19 ,$122.98 ,$121.10 
7/29/2021,$122.38 ,6618350,$122.93 ,$123.47 ,$122.14 
7/28/2021,$122.41 ,11747040,$122.56 ,$123.33 ,$121.39 
7/27/2021,$126.03 ,6110914,$126.08 ,$126.16 ,$124.81 
7/26/2021,$126.06 ,4827462,$125.74 ,$126.10 ,$124.25 
7/23/2021,$125.97 ,7934201,$124.55 ,$126.32 ,$123.92 
7/22/2021,$122.63 ,7172344,$119.34 ,$122.92 ,$119.07 
7/21/2021,$119.27 ,4377463,$117.54 ,$119.65 ,$117.48 
7/20/2021,$117.42 ,5118174,$115.63 ,$118.07 ,$115.33 
7/19/2021,$115.32 ,7731263,$117.54 ,$117.55 ,$114.33 
7/16/2021,$118.73 ,5024843,$119.68 ,$120.48 ,$118.50 
7/15/2021,$118.97 ,6467481,$119.29 ,$119.58 ,$118.18 
7/14/2021,$119.80 ,5701765,$119.94 ,$120.83 ,$119.68 
7/13/2021,$119.55 ,5529344,$118.54 ,$119.99 ,$118.45 
7/12/2021,$118.46 ,5683576,$117.75 ,$118.78 ,$117.39 
7/9/2021,$117.47 ,3533636,$116.06 ,$117.74 ,$116.00 
7/8/2021,$115.99 ,4486121,$115.45 ,$116.76 ,$115.24 
7/7/2021,$117.14 ,5382304,$115.88 ,$117.77 ,$115.65 
7/6/2021,$115.73 ,5294660,$115.08 ,$115.85 ,$114.32 
7/2/2021,$114.97 ,4723386,$113.97 ,$115.30 ,$113.71 
7/1/2021,$113.41 ,4810618,$111.95 ,$113.49 ,$111.81 
6/30/2021,$111.81 ,6759115,$112.34 ,$112.59 ,$111.27 
6/29/2021,$112.27 ,3789517,$112.07 ,$112.69 ,$111.53 
6/28/2021,$112.24 ,4546564,$112.93 ,$113.05 ,$111.45 
6/25/2021,$113.04 ,12171220,$112.75 ,$113.22 ,$112.22 
6/24/2021,$111.99 ,3840030,$111.78 ,$112.91 ,$111.78 
6/23/2021,$111.56 ,3552086,$111.28 ,$111.97 ,$111.14 
6/22/2021,$111.85 ,3583547,$111.07 ,$112.26 ,$110.60 
6/21/2021,$110.97 ,5628664,$110.00 ,$111.37 ,$109.68 
6/18/2021,$109.70 ,7024352,$110.74 ,$110.75 ,$109.26 
6/17/2021,$111.39 ,4008537,$111.00 ,$111.95 ,$110.71 
6/16/2021,$111.36 ,4821951,$112.42 ,$112.57 ,$110.20 
6/15/2021,$111.89 ,3487317,$112.46 ,$112.50 ,$111.56 
6/14/2021,$112.45 ,4222383,$112.78 ,$113.23 ,$111.50 
6/11/2021,$112.56 ,3231182,$112.28 ,$112.83 ,$112.19 
6/10/2021,$112.21 ,3833190,$111.80 ,$112.43 ,$111.44 
6/9/2021,$111.39 ,3669725,$111.74 ,$112.19 ,$111.33 
6/8/2021,$111.52 ,4669852,$111.38 ,$111.99 ,$110.86 
6/7/2021,$111.33 ,4009023,$111.98 ,$112.28 ,$110.99 
6/4/2021,$111.99 ,4477543,$111.62 ,$112.07 ,$111.05 
6/3/2021,$111.12 ,5723894,$112.01 ,$112.24 ,$110.15 
6/2/2021,$113.00 ,5044970,$113.71 ,$113.71 ,$112.75 
6/1/2021,$113.34 ,4306926,$114.56 ,$114.62 ,$113.10 
5/28/2021,$113.88 ,4239973,$114.35 ,$114.35 ,$113.05 
5/27/2021,$113.51 ,7378437,$113.47 ,$114.09 ,$112.76 
5/26/2021,$112.85 ,3841607,$113.30 ,$113.87 ,$112.63 
5/25/2021,$112.63 ,5391837,$112.92 ,$113.15 ,$112.18 
5/24/2021,$112.52 ,5436295,$111.80 ,$113.03 ,$111.52 
5/21/2021,$110.92 ,5146620,$111.63 ,$112.22 ,$110.57 
5/20/2021,$111.41 ,5345545,$109.98 ,$111.69 ,$109.87 
5/19/2021,$109.67 ,5997454,$109.60 ,$109.94 ,$108.88 
5/18/2021,$111.07 ,5177382,$111.37 ,$112.21 ,$111.01 
5/17/2021,$110.98 ,4519580,$111.22 ,$111.27 ,$109.83 
5/14/2021,$111.20 ,6836260,$111.01 ,$111.59 ,$110.25 
5/13/2021,$110.49 ,7999752,$110.16 ,$111.18 ,$109.16 
5/12/2021,$109.79 ,7965263,$111.87 ,$112.39 ,$109.56 
5/11/2021,$113.55 ,7775369,$113.32 ,$113.69 ,$112.17 
5/10/2021,$114.30 ,5759483,$114.57 ,$116.09 ,$114.21 
5/7/2021,$114.34 ,4867501,$115.11 ,$115.84 ,$114.24 
5/6/2021,$114.74 ,4113286,$113.65 ,$114.81 ,$113.10 
5/5/2021,$113.48 ,4677689,$114.21 ,$114.88 ,$113.16 
5/4/2021,$114.11 ,6265098,$115.15 ,$115.40 ,$113.54 
5/3/2021,$115.72 ,5049806,$115.18 ,$116.74 ,$115.13 
4/30/2021,$114.49 ,6478714,$114.00 ,$114.95 ,$113.49 
4/29/2021,$114.63 ,8936555,$113.21 ,$115.15 ,$112.76 
4/28/2021,$112.40 ,14793490,$113.44 ,$114.15 ,$111.61 
4/27/2021,$116.15 ,7260927,$115.67 ,$116.39 ,$115.27 
4/26/2021,$115.92 ,5924931,$116.95 ,$117.25 ,$115.06 
4/23/2021,$117.56 ,4559282,$116.02 ,$117.98 ,$115.84 
4/22/2021,$115.92 ,5745110,$116.87 ,$116.88 ,$115.23 
4/21/2021,$116.74 ,4397440,$116.09 ,$117.26 ,$115.86 
4/20/2021,$116.27 ,5662376,$116.96 ,$117.26 ,$115.35 
4/19/2021,$117.60 ,4889684,$118.17 ,$118.98 ,$117.04 
4/16/2021,$118.34 ,5777860,$117.82 ,$118.50 ,$116.94 
4/15/2021,$116.66 ,5079094,$115.10 ,$116.89 ,$114.78 
4/14/2021,$115.16 ,3994551,$115.22 ,$116.24 ,$114.72 
4/13/2021,$115.36 ,4607384,$113.78 ,$115.60 ,$113.68 
4/12/2021,$113.81 ,4707805,$113.02 ,$113.89 ,$112.77 
4/9/2021,$113.18 ,4114258,$112.91 ,$113.27 ,$111.97 
4/8/2021,$113.04 ,5011290,$113.65 ,$113.96 ,$112.68 
4/7/2021,$113.19 ,5629622,$112.91 ,$113.76 ,$112.65 
4/6/2021,$113.15 ,6745242,$111.38 ,$113.82 ,$111.10 
4/5/2021,$111.02 ,6913105,$109.91 ,$111.35 ,$109.87 
4/1/2021,$109.38 ,5792950,$110.06 ,$110.06 ,$108.20 
3/31/2021,$109.27 ,6478401,$110.33 ,$111.62 ,$109.19 
3/30/2021,$110.27 ,4552862,$108.42 ,$110.45 ,$108.28 
3/29/2021,$109.13 ,5167195,$109.01 ,$110.25 ,$106.59 
3/26/2021,$109.90 ,6167570,$107.25 ,$110.00 ,$107.18 
3/25/2021,$107.35 ,8149044,$105.01 ,$107.70 ,$104.06 
3/24/2021,$104.97 ,5731334,$106.63 ,$107.28 ,$104.94 
3/23/2021,$106.25 ,5657840,$107.74 ,$107.95 ,$105.67 
3/22/2021,$107.57 ,7605084,$106.40 ,$108.42 ,$106.00 
3/19/2021,$106.34 ,21452020,$108.35 ,$108.85 ,$105.83 
3/18/2021,$107.62 ,7813431,$109.28 ,$110.27 ,$107.50 
3/17/2021,$110.46 ,10128450,$111.31 ,$111.46 ,$108.93 
3/16/2021,$111.34 ,11376180,$110.57 ,$112.34 ,$109.89 
3/15/2021,$108.90 ,7111401,$107.89 ,$108.95 ,$107.06 
3/12/2021,$107.81 ,3356023,$107.42 ,$107.99 ,$106.58 
3/11/2021,$107.32 ,4670732,$108.41 ,$108.57 ,$107.26 
3/10/2021,$107.78 ,6076974,$107.22 ,$109.07 ,$106.96 
3/9/2021,$106.55 ,5510948,$106.28 ,$107.97 ,$105.83 
3/8/2021,$105.03 ,5119532,$104.80 ,$106.89 ,$104.23 
3/5/2021,$105.20 ,5559905,$106.06 ,$106.06 ,$102.75 
3/4/2021,$104.89 ,7211833,$106.26 ,$107.17 ,$103.85 
3/3/2021,$106.22 ,5313426,$106.94 ,$107.96 ,$106.12 
3/2/2021,$107.20 ,5016782,$107.31 ,$108.25 ,$105.82 
3/1/2021,$106.87 ,7931631,$108.60 ,$110.47 ,$106.54 
2/26/2021,$108.03 ,15122850,$104.15 ,$109.48 ,$103.68 
2/25/2021,$103.47 ,7534020,$104.00 ,$105.77 ,$103.11 
2/24/2021,$104.38 ,7542690,$101.16 ,$104.51 ,$100.60 
2/23/2021,$101.37 ,8740260,$103.34 ,$103.34 ,$99.93 
2/22/2021,$101.81 ,5211754,$102.99 ,$102.99 ,$101.75 
2/19/2021,$103.37 ,4129146,$104.75 ,$105.28 ,$103.22 
2/18/2021,$104.97 ,4098865,$103.78 ,$105.34 ,$103.41 
2/17/2021,$104.44 ,5735722,$105.11 ,$105.46 ,$104.15 
2/16/2021,$106.15 ,4928053,$104.88 ,$106.59 ,$104.70 
2/12/2021,$105.30 ,3169814,$105.74 ,$105.94 ,$104.72 
2/11/2021,$105.86 ,2976042,$106.12 ,$106.23 ,$105.03 
2/10/2021,$105.87 ,4293184,$106.78 ,$106.90 ,$104.93 
2/9/2021,$106.22 ,4095226,$106.00 ,$106.83 ,$105.22 
2/8/2021,$106.26 ,4836631,$106.42 ,$106.53 ,$105.34 
2/5/2021,$106.48 ,8072094,$105.09 ,$107.54 ,$104.78 
2/4/2021,$103.64 ,6926764,$101.36 ,$104.24 ,$101.11 
2/3/2021,$101.02 ,3934770,$101.25 ,$102.65 ,$100.81 
2/2/2021,$101.65 ,6917661,$99.05 ,$102.48 ,$98.78 
2/1/2021,$98.58 ,7206259,$96.99 ,$99.62 ,$96.92 
1/29/2021,$96.81 ,8203032,$97.39 ,$97.79 ,$95.92 
1/28/2021,$98.15 ,8868207,$98.94 ,$100.53 ,$98.10 
1/27/2021,$97.87 ,18139470,$101.48 ,$101.78 ,$96.73 
1/26/2021,$104.69 ,7195251,$103.40 ,$105.21 ,$103.24 
1/25/2021,$103.45 ,5008991,$103.75 ,$103.95 ,$102.17 
1/22/2021,$103.91 ,5231584,$104.16 ,$104.47 ,$103.06 
1/21/2021,$104.58 ,5732873,$105.46 ,$105.49 ,$104.45 
1/20/2021,$105.46 ,5844257,$102.41 ,$105.85 ,$102.20 
1/19/2021,$102.54 ,6519615,$102.80 ,$103.60 ,$101.34 
1/15/2021,$102.33 ,5523156,$101.38 ,$102.69 ,$101.21 
1/14/2021,$101.82 ,4528313,$103.80 ,$104.19 ,$101.71 
1/13/2021,$102.89 ,4804483,$102.32 ,$103.38 ,$101.49 
1/12/2021,$102.82 ,4332575,$104.01 ,$104.32 ,$102.31 
1/11/2021,$104.60 ,4258027,$105.10 ,$105.64 ,$104.27 
1/8/2021,$105.67 ,5869677,$103.86 ,$105.76 ,$103.42 
1/7/2021,$103.35 ,5057016,$104.49 ,$104.64 ,$102.95 
1/6/2021,$104.19 ,5017464,$102.99 ,$105.21 ,$102.91 
1/5/2021,$103.44 ,5721905,$102.92 ,$104.26 ,$102.80 
1/4/2021,$103.10 ,8041533,$107.66 ,$107.75 ,$102.14 
12/31/2020,$106.98 ,3566295,$106.00 ,$107.14 ,$105.62 
12/30/2020,$105.97 ,3654380,$105.99 ,$106.62 ,$105.78 
12/29/2020,$105.63 ,4780921,$104.89 ,$105.78 ,$104.47 
12/28/2020,$104.34 ,5055179,$102.92 ,$104.38 ,$102.31 
12/24/2020,$102.01 ,1949183,$102.30 ,$102.36 ,$101.68 
12/23/2020,$102.06 ,3817267,$102.29 ,$102.69 ,$101.97 
12/22/2020,$102.41 ,4305282,$102.12 ,$103.17 ,$101.89 
12/21/2020,$102.94 ,7175930,$101.22 ,$103.15 ,$100.02 
12/18/2020,$103.28 ,10214980,$103.33 ,$104.11 ,$102.95 
12/17/2020,$103.21 ,4535689,$103.55 ,$104.04 ,$102.61 
12/16/2020,$103.27 ,6409253,$104.10 ,$104.80 ,$102.72 
12/15/2020,$104.18 ,5196689,$104.24 ,$104.86 ,$103.78 
12/14/2020,$103.32 ,5156155,$103.83 ,$104.71 ,$103.25 
12/11/2020,$103.00 ,6262636,$104.41 ,$104.78 ,$102.33 
12/10/2020,$105.39 ,12939180,$103.51 ,$106.09 ,$102.75 
12/9/2020,$100.40 ,6629890,$101.94 ,$102.21 ,$100.10 
12/8/2020,$101.21 ,3911250,$100.37 ,$101.57 ,$100.01 
12/7/2020,$101.41 ,4514754,$102.01 ,$102.22 ,$100.69 
12/4/2020,$102.28 ,6952704,$101.35 ,$102.94 ,$101.07 
12/3/2020,$100.11 ,6264077,$99.02 ,$101.00 ,$98.97 
12/2/2020,$98.91 ,3377940,$98.51 ,$99.04 ,$98.21 
12/1/2020,$98.82 ,4970293,$99.00 ,$99.26 ,$98.25 
11/30/2020,$98.02 ,5197253,$98.20 ,$98.29 ,$96.96 
11/27/2020,$98.66 ,2169708,$98.48 ,$98.98 ,$98.28 
11/25/2020,$98.20 ,4027147,$98.50 ,$98.54 ,$97.94 
11/24/2020,$98.30 ,6323025,$97.51 ,$98.72 ,$97.40 
11/23/2020,$96.88 ,4805779,$97.62 ,$97.86 ,$96.42 
11/20/2020,$97.01 ,4610081,$97.42 ,$97.54 ,$96.95 
11/19/2020,$97.76 ,4252272,$97.24 ,$97.92 ,$96.86 
11/18/2020,$97.91 ,6039520,$98.63 ,$99.33 ,$97.91 
11/17/2020,$98.60 ,8722293,$97.21 ,$98.78 ,$96.81 
11/16/2020,$97.78 ,9367636,$96.79 ,$97.81 ,$96.02 
11/13/2020,$95.56 ,5518003,$94.38 ,$95.59 ,$93.70 
11/12/2020,$93.53 ,7061844,$94.66 ,$94.76 ,$92.66 
11/11/2020,$95.04 ,8296547,$94.11 ,$95.83 ,$94.02 
11/10/2020,$93.92 ,10474700,$93.74 ,$95.27 ,$93.14 
11/9/2020,$95.88 ,16225770,$97.32 ,$97.65 ,$95.64 
11/6/2020,$90.65 ,6626107,$90.15 ,$91.20 ,$89.78 
11/5/2020,$90.62 ,6169717,$90.69 ,$91.16 ,$89.90 
11/4/2020,$89.79 ,10509390,$88.90 ,$91.29 ,$88.74 
11/3/2020,$88.39 ,6910439,$86.78 ,$89.06 ,$86.18 
11/2/2020,$85.97 ,8904850,$87.54 ,$87.77 ,$85.45 
10/30/2020,$86.96 ,11402800,$87.75 ,$88.39 ,$85.63 
10/29/2020,$88.30 ,8440044,$87.17 ,$89.11 ,$86.61 
10/28/2020,$87.17 ,12738750,$88.65 ,$88.95 ,$86.61 
10/27/2020,$90.05 ,8027508,$89.48 ,$90.35 ,$89.17 
10/26/2020,$89.66 ,7756413,$90.03 ,$91.13 ,$88.65 
10/23/2020,$90.80 ,7811524,$89.80 ,$90.96 ,$89.44 
10/22/2020,$89.36 ,4259035,$88.02 ,$89.38 ,$87.70 
10/21/2020,$88.27 ,4119201,$88.38 ,$89.16 ,$88.19 
10/20/2020,$88.51 ,4942578,$88.68 ,$89.72 ,$88.04 
10/19/2020,$87.60 ,5426622,$88.70 ,$89.57 ,$87.36 
10/16/2020,$88.52 ,4722554,$89.39 ,$89.63 ,$88.44 
10/15/2020,$88.83 ,5002626,$88.16 ,$88.87 ,$87.67 
10/14/2020,$89.31 ,4763260,$90.17 ,$90.60 ,$88.56 
10/13/2020,$90.16 ,5731971,$90.58 ,$90.85 ,$89.77 
10/12/2020,$90.78 ,5909054,$90.46 ,$91.10 ,$89.93 
10/9/2020,$90.01 ,6197682,$89.80 ,$90.33 ,$89.58 
10/8/2020,$89.53 ,4958766,$88.46 ,$89.61 ,$88.41 
10/7/2020,$88.45 ,5179285,$87.82 ,$88.98 ,$87.44 
10/6/2020,$87.01 ,7951077,$88.65 ,$89.28 ,$86.80 
10/5/2020,$88.47 ,7004835,$87.27 ,$88.68 ,$87.20 
10/2/2020,$86.57 ,5602288,$85.15 ,$87.13 ,$85.09 
10/1/2020,$86.74 ,7241186,$87.04 ,$87.45 ,$86.20 
9/30/2020,$85.92 ,10134360,$86.63 ,$87.16 ,$85.47 
9/29/2020,$84.80 ,4064974,$86.25 ,$86.25 ,$84.63 
9/28/2020,$86.07 ,5976196,$85.52 ,$86.24 ,$84.99 
9/25/2020,$84.30 ,5981463,$82.53 ,$84.69 ,$82.22 
9/24/2020,$83.04 ,4881473,$82.63 ,$84.14 ,$81.92 
9/23/2020,$82.99 ,6414658,$84.38 ,$84.90 ,$82.82 
9/22/2020,$83.95 ,4464961,$84.05 ,$84.39 ,$83.18 
9/21/2020,$83.89 ,7188830,$82.86 ,$83.95 ,$81.75 
9/18/2020,$84.95 ,10113450,$86.81 ,$87.24 ,$84.60 
9/17/2020,$86.75 ,7386586,$87.05 ,$87.32 ,$85.36 
9/16/2020,$88.38 ,7146989,$88.00 ,$89.43 ,$87.75 
9/15/2020,$87.71 ,8361907,$87.18 ,$88.25 ,$87.17 
9/14/2020,$86.63 ,5535807,$85.75 ,$87.06 ,$85.64 
9/11/2020,$85.27 ,7103251,$84.95 ,$85.85 ,$84.15 
9/10/2020,$84.88 ,7551958,$85.80 ,$87.07 ,$84.53 
9/9/2020,$85.86 ,6928650,$85.93 ,$86.83 ,$84.46 
9/8/2020,$85.41 ,11083140,$85.27 ,$87.58 ,$84.77 
9/4/2020,$86.27 ,10349370,$87.10 ,$87.78 ,$85.31 
9/3/2020,$86.48 ,11036640,$88.60 ,$88.98 ,$85.69 
9/2/2020,$88.35 ,11378890,$86.51 ,$88.75 ,$86.29 
9/1/2020,$86.05 ,8168825,$84.70 ,$86.09 ,$84.23 
8/31/2020,$84.47 ,6401571,$84.63 ,$85.36 ,$84.03 
8/28/2020,$85.00 ,9303909,$83.79 ,$85.29 ,$83.43 
8/27/2020,$83.41 ,9099186,$82.75 ,$83.64 ,$82.50 
8/26/2020,$82.41 ,7934302,$82.42 ,$82.75 ,$81.88 
8/25/2020,$82.72 ,17659520,$80.06 ,$83.07 ,$79.79 
8/24/2020,$78.68 ,5867361,$77.71 ,$79.14 ,$77.25 
8/21/2020,$77.07 ,5594121,$76.94 ,$77.27 ,$76.69 
8/20/2020,$77.22 ,5099464,$77.03 ,$77.65 ,$76.46 
8/19/2020,$77.63 ,6840566,$79.18 ,$79.39 ,$77.43 
8/18/2020,$78.99 ,5272725,$79.15 ,$79.36 ,$78.35 
8/17/2020,$78.95 ,5360366,$78.60 ,$78.96 ,$78.12 
8/14/2020,$78.37 ,3771349,$78.54 ,$78.93 ,$78.02 
8/13/2020,$79.02 ,4383353,$78.92 ,$79.64 ,$78.84 
8/12/2020,$79.29 ,5378790,$79.59 ,$79.69 ,$78.67 
8/11/2020,$78.87 ,10238460,$78.27 ,$79.98 ,$78.00 
8/10/2020,$77.47 ,6604325,$75.82 ,$77.67 ,$75.81 
8/7/2020,$75.79 ,6569313,$75.48 ,$75.93 ,$75.21 
8/6/2020,$75.66 ,6764846,$75.20 ,$75.92 ,$74.94 
8/5/2020,$75.78 ,7823144,$75.35 ,$75.99 ,$75.33 
8/4/2020,$75.13 ,12792450,$75.37 ,$75.49 ,$74.76 
8/3/2020,$75.50 ,7142088,$76.48 ,$76.60 ,$75.44 
7/31/2020,$76.53 ,7424977,$76.24 ,$76.54 ,$75.48 
7/30/2020,$76.64 ,7889831,$76.63 ,$76.98 ,$75.40 
7/29/2020,$77.42 ,15261050,$77.56 ,$78.49 ,$76.90 
7/28/2020,$74.64 ,12273410,$76.30 ,$76.39 ,$74.56 
7/27/2020,$76.46 ,6771141,$75.89 ,$76.71 ,$75.54 
7/24/2020,$75.78 ,5673370,$75.28 ,$76.00 ,$75.11 
7/23/2020,$75.36 ,7795081,$76.88 ,$77.07 ,$74.90 
7/22/2020,$77.24 ,9213149,$75.52 ,$77.33 ,$75.12 
7/21/2020,$75.44 ,10639750,$75.78 ,$76.80 ,$75.27 
7/20/2020,$74.96 ,8832692,$74.16 ,$75.22 ,$73.63 
7/17/2020,$74.16 ,6087543,$74.43 ,$74.55 ,$73.21 
7/16/2020,$74.39 ,6649692,$74.90 ,$75.14 ,$73.68 
7/15/2020,$75.61 ,10300710,$74.46 ,$75.81 ,$73.96 
7/14/2020,$72.73 ,8780867,$72.00 ,$72.97 ,$71.82 
7/13/2020,$72.65 ,9464541,$74.56 ,$74.84 ,$72.49 
7/10/2020,$74.29 ,7524157,$73.00 ,$74.56 ,$72.74 
7/9/2020,$73.57 ,9618209,$73.73 ,$74.22 ,$71.93 
7/8/2020,$74.14 ,7346243,$74.07 ,$74.50 ,$73.33 
7/7/2020,$74.25 ,7515103,$75.13 ,$75.23 ,$74.00 
7/6/2020,$75.44 ,7235277,$74.93 ,$75.48 ,$74.16 
7/2/2020,$73.78 ,6544351,$75.04 ,$75.09 ,$73.64 
7/1/2020,$74.03 ,6749978,$74.00 ,$74.69 ,$73.38 
6/30/2020,$73.59 ,11323990,$73.58 ,$73.88 ,$72.81 
6/29/2020,$73.48 ,8653029,$71.41 ,$73.50 ,$71.06 
6/26/2020,$71.57 ,17627840,$73.63 ,$73.77 ,$71.25 
6/25/2020,$73.85 ,8624798,$73.22 ,$74.11 ,$72.17 
6/24/2020,$73.64 ,12306430,$74.90 ,$74.92 ,$72.00 
6/23/2020,$75.49 ,8076612,$76.33 ,$76.37 ,$75.07 
6/22/2020,$75.40 ,8238636,$74.90 ,$75.65 ,$73.92 
6/19/2020,$75.40 ,12527330,$77.03 ,$77.38 ,$74.88 
6/18/2020,$76.31 ,8485970,$76.72 ,$76.79 ,$75.80 
6/17/2020,$77.10 ,6906721,$78.07 ,$78.29 ,$76.68 
6/16/2020,$77.84 ,10890110,$78.79 ,$78.94 ,$76.39 
6/15/2020,$76.96 ,14651210,$74.30 ,$77.91 ,$74.08 
6/12/2020,$76.38 ,18529830,$75.00 ,$76.72 ,$73.81 
6/11/2020,$72.57 ,26422160,$75.75 ,$76.79 ,$72.15 
6/10/2020,$79.01 ,19683810,$79.88 ,$80.03 ,$78.20 
6/9/2020,$82.37 ,7999828,$82.62 ,$83.22 ,$81.76 
6/8/2020,$83.56 ,10229590,$83.08 ,$83.62 ,$82.18 
6/5/2020,$82.14 ,12030780,$80.33 ,$82.33 ,$79.97 
6/4/2020,$78.74 ,7667564,$79.31 ,$80.17 ,$78.47 
6/3/2020,$79.58 ,9956666,$78.45 ,$79.95 ,$78.30 
6/2/2020,$77.78 ,9521014,$77.97 ,$78.26 ,$76.79 
6/1/2020,$78.32 ,7936986,$77.66 ,$78.65 ,$76.77 
5/29/2020,$77.99 ,10108990,$78.62 ,$78.64 ,$77.26 
5/28/2020,$78.54 ,8333918,$78.64 ,$80.06 ,$77.93 
5/27/2020,$78.60 ,8245290,$78.98 ,$78.98 ,$77.39 
5/26/2020,$77.76 ,8422249,$79.60 ,$79.92 ,$77.58 
5/22/2020,$77.62 ,7653305,$77.90 ,$78.05 ,$76.52 
5/21/2020,$78.05 ,10312640,$78.60 ,$79.38 ,$77.89 
5/20/2020,$77.76 ,7790481,$77.23 ,$77.84 ,$76.52 
5/19/2020,$75.86 ,6484878,$76.40 ,$77.23 ,$75.76 
5/18/2020,$76.23 ,8912473,$76.86 ,$77.50 ,$76.20 
5/15/2020,$74.16 ,9489146,$72.81 ,$74.64 ,$72.67 
5/14/2020,$74.19 ,11932250,$72.32 ,$74.29 ,$70.65 
5/13/2020,$73.62 ,11532700,$74.46 ,$75.75 ,$72.92 
5/12/2020,$74.35 ,8549922,$76.00 ,$76.73 ,$74.34 
5/11/2020,$75.87 ,9004538,$76.62 ,$77.18 ,$75.80 
5/8/2020,$77.87 ,11921830,$77.25 ,$77.93 ,$75.76 
5/7/2020,$76.00 ,13369310,$73.81 ,$76.03 ,$73.37 
5/6/2020,$72.96 ,12740910,$73.77 ,$74.85 ,$72.86 
5/5/2020,$72.90 ,12976020,$74.96 ,$75.08 ,$72.89 
5/4/2020,$71.89 ,12921800,$72.58 ,$72.62 ,$71.26 
5/1/2020,$73.79 ,11216700,$74.90 ,$75.88 ,$73.21 
4/30/2020,$76.73 ,15186030,$76.83 ,$77.64 ,$75.19 
4/29/2020,$76.86 ,24575510,$78.18 ,$78.75 ,$76.72 
4/28/2020,$78.69 ,12801390,$78.67 ,$79.61 ,$76.96 
4/27/2020,$77.74 ,8258468,$76.68 ,$78.04 ,$76.54 
4/24/2020,$75.58 ,8460619,$75.75 ,$76.03 ,$74.21 
4/23/2020,$75.15 ,15513360,$77.33 ,$77.67 ,$74.26 
4/22/2020,$77.45 ,11355290,$74.55 ,$78.06 ,$74.43 
4/21/2020,$72.72 ,10345790,$73.40 ,$73.96 ,$71.74 
4/20/2020,$75.32 ,9684741,$76.02 ,$76.98 ,$75.09 
4/17/2020,$77.10 ,14268390,$76.62 ,$77.39 ,$74.97 
4/16/2020,$73.51 ,11946810,$73.11 ,$73.76 ,$71.35 
4/15/2020,$72.55 ,10642530,$72.01 ,$73.18 ,$70.71 
4/14/2020,$73.67 ,10912000,$73.69 ,$74.33 ,$72.66 
4/13/2020,$71.76 ,11191790,$73.52 ,$73.60 ,$70.35 
4/9/2020,$73.88 ,19769560,$71.20 ,$74.26 ,$70.14 
4/8/2020,$71.57 ,10417640,$69.58 ,$71.92 ,$68.54 
4/7/2020,$68.71 ,13799400,$71.57 ,$72.48 ,$68.34 
4/6/2020,$67.79 ,18010770,$66.27 ,$68.34 ,$64.41 
4/3/2020,$63.05 ,14676460,$64.47 ,$64.75 ,$60.90 
4/2/2020,$65.00 ,18175040,$65.75 ,$68.70 ,$62.91 
4/1/2020,$62.62 ,12880410,$63.00 ,$64.76 ,$61.58 
3/31/2020,$65.74 ,20109800,$67.18 ,$68.32 ,$65.31 
3/30/2020,$67.86 ,14199720,$66.56 ,$68.22 ,$64.58 
3/27/2020,$66.34 ,18950460,$66.68 ,$68.25 ,$64.82 
3/26/2020,$69.90 ,21005280,$66.71 ,$71.58 ,$66.25 
3/25/2020,$65.81 ,22977190,$66.83 ,$69.64 ,$63.49 
3/24/2020,$64.88 ,28286190,$62.61 ,$65.16 ,$61.00 
3/23/2020,$56.55 ,24905790,$57.23 ,$57.44 ,$54.00 
3/20/2020,$58.03 ,28420580,$62.30 ,$65.68 ,$57.91 
3/19/2020,$61.41 ,25167420,$56.23 ,$63.36 ,$53.55 
3/18/2020,$56.33 ,28770620,$55.55 ,$57.65 ,$50.02 
3/17/2020,$58.98 ,25045190,$59.55 ,$59.62 ,$53.61 
3/16/2020,$58.59 ,23354350,$60.63 ,$63.95 ,$58.11 
3/13/2020,$69.92 ,19247180,$65.65 ,$70.18 ,$63.51 
3/12/2020,$62.10 ,25170630,$62.95 ,$66.79 ,$61.46 
3/11/2020,$68.30 ,17161370,$72.83 ,$74.27 ,$67.40 
3/10/2020,$74.87 ,18414050,$72.56 ,$74.95 ,$70.03 
3/9/2020,$70.83 ,15930310,$70.58 ,$74.03 ,$70.08 
3/6/2020,$75.34 ,18080150,$73.46 ,$75.71 ,$72.05 
3/5/2020,$76.19 ,12545270,$77.90 ,$77.90 ,$75.28 
3/4/2020,$79.67 ,10999610,$79.29 ,$80.20 ,$77.88 
3/3/2020,$78.60 ,12395890,$82.30 ,$82.62 ,$78.11 
3/2/2020,$82.38 ,14258680,$77.92 ,$82.41 ,$77.66 
2/28/2020,$78.43 ,19120250,$76.17 ,$78.81 ,$75.72 
2/27/2020,$78.29 ,17120830,$78.83 ,$80.87 ,$77.36 
2/26/2020,$80.67 ,10549300,$82.60 ,$83.24 ,$80.64 
2/25/2020,$82.19 ,9403953,$85.02 ,$85.35 ,$81.67 
2/24/2020,$84.52 ,8313643,$84.53 ,$86.05 ,$84.26 
2/21/2020,$87.36 ,5801705,$88.00 ,$88.39 ,$87.00 
2/20/2020,$88.60 ,5969200,$89.73 ,$90.25 ,$87.73 
2/19/2020,$90.14 ,5210834,$89.49 ,$90.44 ,$89.30 
2/18/2020,$89.23 ,5291147,$89.37 ,$89.47 ,$88.29 
2/14/2020,$89.28 ,5686868,$90.18 ,$90.41 ,$88.99 
2/13/2020,$89.93 ,8576615,$88.50 ,$90.51 ,$88.26 
2/12/2020,$88.57 ,7747787,$87.71 ,$89.10 ,$87.39 
2/11/2020,$87.51 ,5098622,$87.86 ,$88.23 ,$87.35 
2/10/2020,$87.53 ,7289281,$86.43 ,$87.62 ,$86.17 
2/7/2020,$86.42 ,8073908,$85.76 ,$86.62 ,$85.32 
2/6/2020,$86.15 ,8901403,$87.65 ,$87.70 ,$86.15 
2/5/2020,$87.56 ,9982673,$88.88 ,$89.20 ,$86.63 
2/4/2020,$88.38 ,9997071,$87.14 ,$89.00 ,$86.62 
2/3/2020,$86.01 ,9092620,$85.07 ,$86.79 ,$85.07 
1/31/2020,$84.83 ,11693900,$85.79 ,$85.99 ,$84.52 
1/30/2020,$85.84 ,12224940,$85.45 ,$86.59 ,$84.69 
1/29/2020,$86.72 ,17703900,$88.15 ,$88.44 ,$85.60 
1/28/2020,$88.60 ,11922400,$89.05 ,$89.19 ,$87.72 
1/27/2020,$88.73 ,11066490,$88.63 ,$89.45 ,$87.55 
1/24/2020,$92.03 ,7815501,$94.00 ,$94.13 ,$91.34 
1/23/2020,$93.75 ,6100777,$91.92 ,$93.85 ,$90.74 
1/22/2020,$92.53 ,6157412,$93.14 ,$93.75 ,$92.47 
1/21/2020,$92.53 ,7094559,$92.83 ,$93.60 ,$92.19 
1/17/2020,$93.62 ,6962787,$92.93 ,$93.75 ,$92.81 
1/16/2020,$92.58 ,5180320,$91.99 ,$92.61 ,$91.63 
1/15/2020,$91.54 ,6145518,$91.00 ,$92.06 ,$91.00 
1/14/2020,$90.99 ,5855400,$91.19 ,$91.44 ,$90.86 
1/13/2020,$91.08 ,7382968,$90.62 ,$91.72 ,$90.21 
1/10/2020,$90.16 ,7098085,$90.80 ,$90.89 ,$89.63 
1/9/2020,$90.53 ,9450166,$90.25 ,$91.16 ,$90.07 
1/8/2020,$88.88 ,7297235,$87.94 ,$89.35 ,$87.78 
1/7/2020,$87.86 ,6533541,$87.96 ,$88.03 ,$87.13 
1/6/2020,$88.13 ,5409850,$88.11 ,$88.41 ,$87.47 
1/3/2020,$88.83 ,4874916,$88.66 ,$89.10 ,$88.10 
1/2/2020,$89.35 ,6475843,$88.12 ,$89.35 ,$88.05 
12/31/2019,$87.92 ,4116734,$87.44 ,$87.99 ,$87.31 
12/30/2019,$87.44 ,4656289,$88.01 ,$88.20 ,$87.06 
12/27/2019,$88.13 ,4130878,$88.11 ,$88.46 ,$87.69 
12/26/2019,$88.08 ,4180261,$88.73 ,$88.76 ,$87.79 
12/24/2019,$88.52 ,1847770,$88.20 ,$88.60 ,$88.00 
12/23/2019,$88.23 ,4349884,$88.62 ,$88.85 ,$88.18 
12/20/2019,$88.46 ,14271660,$88.79 ,$89.00 ,$87.89 
12/19/2019,$88.52 ,6023454,$87.83 ,$88.59 ,$87.58 
12/18/2019,$87.99 ,5859211,$88.39 ,$88.85 ,$87.82 
12/17/2019,$88.13 ,7297423,$88.87 ,$88.97 ,$87.47 
12/16/2019,$88.78 ,6706045,$89.14 ,$89.30 ,$88.43 
12/13/2019,$88.67 ,6718109,$88.02 ,$88.79 ,$87.58 
12/12/2019,$88.21 ,10293870,$88.00 ,$88.89 ,$87.54 
12/11/2019,$86.59 ,4922698,$86.26 ,$86.87 ,$85.85 
12/10/2019,$86.04 ,7945126,$86.50 ,$87.47 ,$85.91 
12/9/2019,$86.28 ,7170822,$86.31 ,$86.63 ,$85.96 
12/6/2019,$86.32 ,8501814,$85.03 ,$86.53 ,$85.03 
12/5/2019,$84.45 ,5171388,$85.44 ,$85.48 ,$84.32 
12/4/2019,$85.40 ,5940602,$85.13 ,$85.54 ,$84.70 
12/3/2019,$84.82 ,6077628,$84.03 ,$85.00 ,$83.82 
12/2/2019,$84.57 ,6428428,$85.38 ,$85.77 ,$83.82 
11/29/2019,$85.43 ,3857027,$85.91 ,$86.73 ,$85.25 
11/27/2019,$85.77 ,7506564,$84.85 ,$85.81 ,$84.42 
11/26/2019,$84.56 ,7652316,$84.13 ,$84.65 ,$84.00 
11/25/2019,$83.75 ,5450981,$83.16 ,$84.00 ,$82.93 
11/22/2019,$83.02 ,6080782,$82.69 ,$83.39 ,$82.66 
11/21/2019,$82.30 ,8300483,$83.75 ,$84.04 ,$81.76 
11/20/2019,$83.60 ,6251318,$83.54 ,$84.49 ,$82.98 
11/19/2019,$83.66 ,6010423,$84.06 ,$84.28 ,$83.57 
11/18/2019,$84.02 ,6433068,$83.92 ,$84.11 ,$83.25 
11/15/2019,$84.21 ,7537205,$84.68 ,$84.94 ,$83.57 
11/14/2019,$84.38 ,5287433,$84.10 ,$84.52 ,$83.80 
11/13/2019,$83.94 ,7439003,$83.29 ,$84.29 ,$83.20 
11/12/2019,$83.32 ,8552693,$82.69 ,$83.98 ,$82.61 
11/11/2019,$82.43 ,5832575,$81.75 ,$82.53 ,$81.37 
11/8/2019,$81.77 ,7088064,$82.19 ,$82.64 ,$81.45 
11/7/2019,$81.95 ,7221382,$83.06 ,$83.29 ,$81.84 
11/6/2019,$82.99 ,6365267,$82.08 ,$83.37 ,$82.00 
11/5/2019,$81.89 ,7054400,$82.34 ,$82.34 ,$81.03 
11/4/2019,$82.37 ,8271187,$83.30 ,$83.44 ,$81.90 
11/1/2019,$83.21 ,10658470,$84.79 ,$85.31 ,$82.61 
10/31/2019,$84.56 ,14008810,$86.71 ,$87.22 ,$83.28 
10/30/2019,$84.19 ,8731291,$84.61 ,$84.70 ,$83.32 
10/29/2019,$84.13 ,5699093,$83.81 ,$84.63 ,$83.64 
10/28/2019,$83.60 ,6653357,$84.47 ,$84.98 ,$83.36 
10/25/2019,$83.38 ,5235296,$83.21 ,$83.57 ,$82.63 
10/24/2019,$83.18 ,4632619,$82.80 ,$83.53 ,$82.66 
10/23/2019,$82.74 ,7186615,$84.31 ,$84.41 ,$82.13 
10/22/2019,$83.46 ,5806608,$85.23 ,$85.35 ,$83.39 
10/21/2019,$85.35 ,5007111,$86.00 ,$86.24 ,$85.08 
10/18/2019,$86.03 ,4631218,$86.35 ,$86.75 ,$85.52 
10/17/2019,$86.29 ,4397738,$86.88 ,$87.02 ,$86.16 
10/16/2019,$86.71 ,3706830,$86.53 ,$86.83 ,$86.05 
10/15/2019,$86.45 ,4722624,$87.00 ,$87.25 ,$85.76 
10/14/2019,$86.62 ,4936604,$86.50 ,$87.68 ,$86.40 
10/11/2019,$86.36 ,5621572,$87.02 ,$87.25 ,$86.26 
10/10/2019,$85.96 ,4257671,$85.91 ,$86.07 ,$85.38 
10/9/2019,$85.85 ,4450259,$85.37 ,$86.17 ,$85.28 
10/8/2019,$84.91 ,6386914,$85.49 ,$86.33 ,$84.69 
10/7/2019,$85.85 ,4445596,$85.71 ,$86.16 ,$85.49 
10/4/2019,$85.92 ,5891718,$84.90 ,$85.97 ,$84.75 
10/3/2019,$84.67 ,6061699,$84.30 ,$84.91 ,$83.61 
10/2/2019,$84.32 ,10036460,$85.95 ,$86.01 ,$84.16 
10/1/2019,$86.51 ,6805628,$88.63 ,$88.89 ,$86.45 
9/30/2019,$88.42 ,6650433,$88.41 ,$88.56 ,$87.61 
9/27/2019,$88.37 ,5988453,$90.30 ,$90.30 ,$87.79 
9/26/2019,$89.80 ,5531821,$90.84 ,$91.15 ,$89.50 
9/25/2019,$90.35 ,5263768,$89.94 ,$90.61 ,$89.02 
9/24/2019,$89.92 ,5688165,$91.60 ,$91.77 ,$89.51 
9/23/2019,$90.81 ,4943643,$90.32 ,$91.16 ,$89.93 
9/20/2019,$90.07 ,11241790,$91.61 ,$92.08 ,$90.06 
9/19/2019,$91.56 ,4874742,$90.99 ,$92.10 ,$90.30 
9/18/2019,$90.96 ,4559657,$90.98 ,$91.36 ,$90.06 
9/17/2019,$90.75 ,6511690,$89.67 ,$91.46 ,$89.65 
9/16/2019,$89.42 ,6339236,$90.02 ,$90.45 ,$89.38 
9/13/2019,$90.48 ,6972260,$92.15 ,$92.15 ,$90.32 
9/12/2019,$92.06 ,6862165,$92.16 ,$93.32 ,$91.77 
9/11/2019,$90.98 ,8406555,$90.18 ,$91.45 ,$89.61 
9/10/2019,$90.35 ,12490900,$93.81 ,$93.88 ,$89.30 
9/9/2019,$94.16 ,6523299,$95.80 ,$95.93 ,$93.74 
9/6/2019,$95.74 ,3991773,$95.75 ,$96.34 ,$95.51 
9/5/2019,$95.56 ,5514796,$96.54 ,$96.96 ,$95.17 
9/4/2019,$96.11 ,12937510,$94.48 ,$96.33 ,$93.03 
9/3/2019,$96.77 ,5150830,$96.42 ,$97.21 ,$96.05 
8/30/2019,$96.56 ,5210451,$98.14 ,$98.14 ,$96.11 
8/29/2019,$97.70 ,4514498,$97.85 ,$98.07 ,$97.06 
8/28/2019,$97.07 ,4948761,$96.23 ,$97.21 ,$96.00 
8/27/2019,$96.09 ,6540103,$96.70 ,$97.10 ,$96.03 
8/26/2019,$96.50 ,5806558,$95.38 ,$96.50 ,$95.00 
8/23/2019,$94.70 ,8077465,$96.41 ,$97.10 ,$94.39 
8/22/2019,$96.49 ,5147125,$96.59 ,$96.85 ,$95.70 
8/21/2019,$96.32 ,4740743,$96.27 ,$96.65 ,$95.73 
8/20/2019,$95.63 ,6809918,$96.35 ,$97.12 ,$95.59 
8/19/2019,$96.66 ,5325315,$97.23 ,$97.41 ,$96.22 
8/16/2019,$96.52 ,5032916,$96.29 ,$96.83 ,$95.85 
8/15/2019,$95.53 ,5566890,$95.50 ,$96.27 ,$94.61 
8/14/2019,$94.92 ,9989526,$95.91 ,$97.02 ,$94.87 
8/13/2019,$96.63 ,8938251,$94.52 ,$96.67 ,$94.21 
8/12/2019,$94.91 ,5513811,$95.78 ,$96.02 ,$94.30 
8/9/2019,$96.30 ,5209181,$96.15 ,$96.84 ,$95.42 
8/8/2019,$96.27 ,7423616,$95.23 ,$96.41 ,$94.44 
8/7/2019,$95.22 ,6414046,$94.60 ,$95.70 ,$94.17 
8/6/2019,$95.34 ,7437982,$94.31 ,$95.71 ,$93.80 
8/5/2019,$93.70 ,8917441,$94.51 ,$95.52 ,$93.03 
8/2/2019,$95.51 ,6381721,$95.00 ,$96.04 ,$94.80 
8/1/2019,$95.38 ,8342662,$95.00 ,$97.58 ,$94.58 
7/31/2019,$94.69 ,9912147,$96.65 ,$96.65 ,$93.50 
7/30/2019,$96.65 ,7248270,$97.50 ,$98.28 ,$96.52 
7/29/2019,$98.02 ,11184510,$98.05 ,$98.94 ,$97.21 
7/26/2019,$99.11 ,20846460,$96.40 ,$99.72 ,$95.21 
7/25/2019,$90.98 ,8106322,$91.49 ,$91.55 ,$90.47 
7/24/2019,$90.65 ,5388138,$89.90 ,$90.75 ,$89.68 
7/23/2019,$90.11 ,7609248,$91.25 ,$91.36 ,$89.17 
7/22/2019,$90.92 ,5636657,$90.52 ,$91.18 ,$90.05 
7/19/2019,$90.30 ,10804900,$91.41 ,$91.61 ,$90.23 
7/18/2019,$91.50 ,6471383,$90.33 ,$91.54 ,$89.95 
7/17/2019,$90.25 ,4636215,$90.08 ,$90.38 ,$89.73 
7/16/2019,$90.08 ,5591855,$90.22 ,$90.48 ,$89.59 
7/15/2019,$90.16 ,6061252,$89.87 ,$90.34 ,$89.66 
7/12/2019,$89.77 ,5628010,$89.28 ,$89.82 ,$88.85 
7/11/2019,$89.07 ,6191375,$88.66 ,$89.29 ,$88.27 
7/10/2019,$88.38 ,5293013,$87.42 ,$88.54 ,$87.42 
7/9/2019,$87.23 ,5355536,$87.29 ,$87.65 ,$86.89 
7/8/2019,$87.44 ,6359676,$87.60 ,$87.95 ,$87.18 
7/5/2019,$87.79 ,5733239,$87.50 ,$87.89 ,$86.88 
7/3/2019,$87.79 ,7818552,$86.04 ,$87.82 ,$85.98 
7/2/2019,$85.51 ,6206087,$84.74 ,$85.59 ,$84.52 
7/1/2019,$84.55 ,7940539,$84.62 ,$84.96 ,$84.03 
6/28/2019,$83.83 ,6735620,$83.56 ,$83.96 ,$83.32 
6/27/2019,$83.56 ,6084200,$83.55 ,$83.89 ,$83.21 
6/26/2019,$83.38 ,7576443,$84.30 ,$84.30 ,$83.18 
6/25/2019,$84.25 ,7312327,$84.20 ,$85.20 ,$83.96 
6/24/2019,$83.65 ,6692691,$84.08 ,$84.56 ,$83.61 
6/21/2019,$83.82 ,12610160,$84.43 ,$84.77 ,$83.81 
6/20/2019,$84.69 ,5216143,$84.41 ,$84.83 ,$83.83 
6/19/2019,$83.81 ,5401369,$83.08 ,$83.92 ,$82.08 
6/18/2019,$82.92 ,10582590,$83.55 ,$84.11 ,$82.89 
6/17/2019,$83.02 ,9313807,$84.65 ,$84.69 ,$82.89 
6/14/2019,$84.24 ,9226463,$83.54 ,$84.61 ,$83.39 
6/13/2019,$83.35 ,7156842,$83.33 ,$84.05 ,$83.02 
6/12/2019,$82.93 ,6089028,$82.59 ,$83.67 ,$82.32 
6/11/2019,$82.37 ,6226559,$82.30 ,$82.86 ,$81.85 
6/10/2019,$81.93 ,8102783,$82.85 ,$82.86 ,$81.38 
6/7/2019,$82.48 ,11278800,$81.60 ,$83.33 ,$81.51 
6/6/2019,$81.40 ,10457250,$80.03 ,$81.63 ,$79.90 
6/5/2019,$79.96 ,7437117,$78.79 ,$79.97 ,$78.66 
6/4/2019,$78.52 ,11685010,$76.77 ,$78.76 ,$76.66 
6/3/2019,$76.22 ,8122316,$76.12 ,$76.53 ,$75.65 
5/31/2019,$76.06 ,7625694,$75.60 ,$76.32 ,$75.38 
5/30/2019,$76.17 ,7178431,$75.65 ,$76.43 ,$75.63 
5/29/2019,$75.28 ,10511590,$75.33 ,$75.49 ,$74.33 
5/28/2019,$75.70 ,16205160,$76.36 ,$76.68 ,$75.32 
5/24/2019,$76.15 ,5627633,$76.83 ,$77.06 ,$75.97 
5/23/2019,$76.41 ,9213376,$76.88 ,$76.94 ,$75.69 
5/22/2019,$77.25 ,5602516,$77.20 ,$77.72 ,$76.91 
5/21/2019,$77.53 ,5808516,$77.05 ,$77.85 ,$76.75 
5/20/2019,$76.66 ,11474970,$78.30 ,$78.42 ,$76.57 
5/17/2019,$78.91 ,7380077,$78.52 ,$79.65 ,$78.37 
5/16/2019,$78.90 ,6941762,$77.66 ,$79.24 ,$77.57 
5/15/2019,$77.76 ,5415741,$76.69 ,$77.94 ,$76.53 
5/14/2019,$77.06 ,6871125,$76.75 ,$77.74 ,$76.68 
5/13/2019,$76.68 ,9778829,$77.25 ,$77.78 ,$76.08 
5/10/2019,$78.42 ,6448552,$77.63 ,$78.80 ,$77.16 
5/9/2019,$77.90 ,7326756,$77.58 ,$78.23 ,$77.35 
5/8/2019,$78.05 ,7799892,$77.58 ,$78.64 ,$77.12 
5/7/2019,$77.96 ,8115808,$77.57 ,$78.74 ,$77.42 
5/6/2019,$78.06 ,5607843,$77.20 ,$78.08 ,$77.02 
5/3/2019,$78.05 ,4967928,$77.59 ,$78.40 ,$77.34 
5/2/2019,$77.47 ,6247550,$77.66 ,$77.76 ,$76.75 
5/1/2019,$77.52 ,6678194,$77.67 ,$78.15 ,$77.37 
4/30/2019,$77.68 ,7382071,$77.00 ,$77.79 ,$76.69 
4/29/2019,$76.91 ,5398125,$77.30 ,$77.67 ,$76.59 
4/26/2019,$77.45 ,12549410,$76.95 ,$77.52 ,$75.06 
4/25/2019,$77.11 ,11016420,$76.11 ,$77.23 ,$75.95 
4/24/2019,$76.39 ,8247468,$76.05 ,$76.88 ,$75.91 
4/23/2019,$75.99 ,5273777,$75.48 ,$76.06 ,$75.41 
4/22/2019,$75.40 ,4882354,$75.71 ,$76.06 ,$75.21 
4/18/2019,$76.06 ,6606672,$75.48 ,$76.26 ,$75.21 
4/17/2019,$75.12 ,8500302,$75.61 ,$75.96 ,$74.80 
4/16/2019,$75.70 ,8336593,$76.48 ,$76.56 ,$75.37 
4/15/2019,$76.16 ,7632141,$76.67 ,$76.70 ,$76.08 
4/12/2019,$76.65 ,5193888,$76.10 ,$76.95 ,$76.07 
4/11/2019,$75.87 ,6042545,$75.75 ,$76.07 ,$75.65 
4/10/2019,$75.48 ,5889004,$75.21 ,$75.82 ,$75.21 
4/9/2019,$75.12 ,4904315,$74.87 ,$75.23 ,$74.80 
4/8/2019,$75.20 ,5140364,$74.47 ,$75.30 ,$74.47 
4/5/2019,$75.03 ,5346074,$74.35 ,$75.08 ,$74.35 
4/4/2019,$74.35 ,5449810,$74.50 ,$74.67 ,$73.98 
4/3/2019,$74.33 ,6687644,$74.56 ,$74.78 ,$73.87 
4/2/2019,$74.27 ,5514229,$74.01 ,$74.45 ,$73.84 
4/1/2019,$73.96 ,7976126,$74.76 ,$74.93 ,$73.73 
3/29/2019,$74.34 ,8972463,$74.01 ,$74.48 ,$73.53 
3/28/2019,$73.96 ,6594556,$72.97 ,$73.98 ,$72.89 
3/27/2019,$72.74 ,7654798,$72.94 ,$73.26 ,$72.62 
3/26/2019,$72.96 ,7618942,$72.72 ,$73.19 ,$72.33 
3/25/2019,$72.30 ,6153365,$72.00 ,$72.48 ,$71.73 
3/22/2019,$71.96 ,6888173,$72.05 ,$72.41 ,$71.69 
3/21/2019,$72.26 ,7980758,$71.32 ,$72.44 ,$71.32 
3/20/2019,$71.63 ,9507089,$71.80 ,$72.40 ,$71.34 
3/19/2019,$71.38 ,6883371,$70.95 ,$71.70 ,$70.87 
3/18/2019,$70.84 ,5643909,$70.78 ,$71.12 ,$70.44 
3/15/2019,$70.67 ,13094560,$70.80 ,$71.21 ,$70.54 
3/14/2019,$70.74 ,8906414,$70.19 ,$70.89 ,$70.19 
3/13/2019,$70.10 ,13731730,$70.09 ,$70.90 ,$69.98 
3/12/2019,$70.05 ,12750950,$69.74 ,$70.58 ,$69.69 
3/11/2019,$69.68 ,11405540,$69.38 ,$70.01 ,$69.14 
3/8/2019,$69.36 ,12224440,$70.15 ,$70.27 ,$69.03 
3/7/2019,$70.61 ,7361342,$71.20 ,$71.36 ,$70.46 
3/6/2019,$71.27 ,7620320,$71.81 ,$72.18 ,$71.16 
3/5/2019,$71.58 ,10492690,$71.19 ,$71.89 ,$71.06 
3/4/2019,$70.95 ,9217796,$70.99 ,$71.35 ,$70.37 
3/1/2019,$70.85 ,8059464,$70.63 ,$71.11 ,$70.45 
2/28/2019,$70.26 ,18098330,$70.14 ,$70.49 ,$69.78 
2/27/2019,$70.15 ,13273430,$70.83 ,$71.13 ,$69.92 
2/26/2019,$71.14 ,11982960,$71.00 ,$71.45 ,$70.92 
2/25/2019,$71.05 ,8223885,$71.90 ,$72.07 ,$70.98 
2/22/2019,$71.30 ,11311420,$70.76 ,$71.39 ,$70.75 
2/21/2019,$70.70 ,10861370,$70.14 ,$70.93 ,$70.14 
2/20/2019,$70.39 ,9626399,$70.23 ,$70.60 ,$70.05 
2/19/2019,$70.20 ,9204672,$70.46 ,$70.60 ,$69.78 
2/15/2019,$70.71 ,13883140,$71.15 ,$71.37 ,$70.19 
2/14/2019,$70.84 ,9438372,$70.13 ,$71.54 ,$69.97 
2/13/2019,$70.51 ,10208920,$69.81 ,$70.60 ,$69.80 
2/12/2019,$69.75 ,8846598,$70.24 ,$70.46 ,$69.71 
2/11/2019,$69.99 ,9228304,$70.00 ,$70.47 ,$69.85 
2/8/2019,$69.75 ,8861797,$68.77 ,$69.82 ,$68.60 
2/7/2019,$69.14 ,10107900,$68.60 ,$69.21 ,$68.48 
2/6/2019,$68.85 ,9858533,$69.23 ,$69.39 ,$68.50 
2/5/2019,$69.34 ,12780460,$67.76 ,$69.41 ,$67.64 
2/4/2019,$67.58 ,13547000,$68.03 ,$68.11 ,$67.08 
2/1/2019,$68.11 ,10306100,$68.59 ,$69.32 ,$68.00 
1/31/2019,$68.14 ,24060540,$68.18 ,$69.49 ,$67.08 
1/30/2019,$68.15 ,11670240,$67.11 ,$68.21 ,$67.05 
1/29/2019,$67.04 ,10696490,$67.00 ,$67.50 ,$66.20 
1/28/2019,$66.90 ,11504700,$66.19 ,$66.96 ,$65.91 
1/25/2019,$67.09 ,21880510,$67.03 ,$67.69 ,$66.10 
1/24/2019,$64.74 ,29579510,$66.61 ,$66.76 ,$62.93 
1/23/2019,$66.43 ,12304110,$65.88 ,$66.70 ,$65.81 
1/22/2019,$65.39 ,16400720,$64.90 ,$66.21 ,$64.75 
1/18/2019,$64.70 ,9637932,$64.81 ,$64.81 ,$63.86 
1/17/2019,$64.28 ,6682389,$63.68 ,$64.39 ,$63.60 
1/16/2019,$63.77 ,8072806,$64.20 ,$64.82 ,$63.75 
1/15/2019,$64.08 ,7912667,$63.58 ,$64.63 ,$63.45 
1/14/2019,$63.37 ,9928137,$63.35 ,$64.06 ,$62.98 
1/11/2019,$63.73 ,13798320,$62.29 ,$63.84 ,$61.67 
1/10/2019,$64.19 ,10395910,$63.61 ,$64.39 ,$63.24 
1/9/2019,$63.88 ,13079660,$63.65 ,$64.04 ,$62.95 
1/8/2019,$63.62 ,10789540,$63.94 ,$64.29 ,$63.05 
1/7/2019,$63.57 ,10162040,$63.35 ,$64.24 ,$62.74 
1/4/2019,$63.57 ,12692430,$62.40 ,$64.25 ,$62.08 
1/3/2019,$61.53 ,14376930,$63.46 ,$63.72 ,$61.40 
1/2/2019,$64.32 ,10022120,$63.68 ,$64.37 ,$63.21 
12/31/2018,$64.40 ,7689617,$63.77 ,$64.61 ,$63.66 
12/28/2018,$63.39 ,7711871,$63.31 ,$64.12 ,$63.17 
12/27/2018,$63.20 ,11303400,$62.62 ,$63.24 ,$61.62 
12/26/2018,$63.08 ,16457050,$60.95 ,$63.23 ,$60.67 
12/24/2018,$60.56 ,6323252,$61.48 ,$61.82 ,$60.42 
12/21/2018,$61.39 ,23524320,$62.31 ,$63.21 ,$61.38 
12/20/2018,$62.15 ,20257170,$63.61 ,$63.80 ,$61.45 
12/19/2018,$64.06 ,14202190,$65.16 ,$65.90 ,$63.68 
12/18/2018,$64.92 ,10453850,$64.77 ,$65.40 ,$64.55 
12/17/2018,$64.47 ,15021780,$65.00 ,$65.63 ,$64.08 
12/14/2018,$65.34 ,16828880,$64.44 ,$65.84 ,$63.58 
12/13/2018,$66.91 ,9977871,$66.29 ,$67.22 ,$66.13 
12/12/2018,$66.13 ,11082400,$66.00 ,$66.93 ,$66.00 
12/11/2018,$65.92 ,10902980,$66.22 ,$66.92 ,$65.52 
12/10/2018,$65.49 ,12102430,$65.47 ,$65.80 ,$64.45 
12/7/2018,$65.47 ,11050510,$66.17 ,$66.64 ,$65.20 
12/6/2018,$66.55 ,17080780,$66.13 ,$66.67 ,$65.59 
12/4/2018,$66.65 ,13164400,$67.47 ,$68.15 ,$66.45 
12/3/2018,$67.50 ,13758450,$67.37 ,$68.06 ,$66.66 
11/30/2018,$66.72 ,27024850,$66.86 ,$67.38 ,$66.65 
11/29/2018,$66.88 ,9575694,$66.68 ,$67.28 ,$66.12 
11/28/2018,$66.82 ,12858780,$66.18 ,$66.99 ,$65.48 
11/27/2018,$66.08 ,13149980,$65.46 ,$66.55 ,$65.31 
11/26/2018,$65.69 ,13054190,$65.98 ,$66.12 ,$65.21 
11/23/2018,$65.70 ,7779765,$66.24 ,$66.24 ,$65.26 
11/21/2018,$66.77 ,10977950,$67.47 ,$67.98 ,$66.75 
11/20/2018,$67.18 ,11207710,$67.39 ,$67.88 ,$66.76 
11/19/2018,$67.91 ,10829380,$68.10 ,$68.47 ,$67.23 
11/16/2018,$68.16 ,9276178,$67.30 ,$68.53 ,$67.09 
11/15/2018,$67.62 ,15234650,$66.71 ,$67.76 ,$66.36 
11/14/2018,$67.04 ,13317370,$67.30 ,$67.95 ,$66.73 
11/13/2018,$67.41 ,16629730,$67.94 ,$68.28 ,$67.10 
11/12/2018,$67.91 ,12749330,$68.44 ,$68.94 ,$67.80 
11/9/2018,$68.60 ,8627885,$68.49 ,$68.96 ,$68.08 
11/8/2018,$68.72 ,14079700,$67.78 ,$68.98 ,$67.63 
